time,cycle,elapsed_s,status,direct_to_current_surfer_m,direct_to_snapshot_m,angle_to_snapshot_deg,endpoint_radius_m,leg_min_direct_to_snapshot_m,distance_to_waypoint_m,waypoint,boundary_seaward_m,submitted_speed_mps,retreat_active
22:02:55.331,436,0.0,destination_central_boundary,33.931619787486454,,,,,,,22.067756461392424,0.0,False
22:02:55.495,437,0.0,angle_alignment_preserve_direct_distance,33.89078812711948,33.89078808406416,77.09008462730296,33.89077627182222,27.168172313576456,27.540730048884516,1,22.058378968456616,0.0,False
22:02:55.598,438,0.165,moving_saved_route_aiming_surfer,33.89078812711948,33.89078808406416,77.09008462730296,33.89077627182222,27.168172313576456,27.540730048884516,1,22.058378968456616,4.0,False
22:03:00.612,484,5.179,moving_saved_route_aiming_surfer,30.7481344834335,27.53924988344844,52.42421871930817,33.89077627182222,27.03218412205073,13.030580582506621,1,12.836465325700967,2.6061166631196766,False
22:03:00.717,485,5.283,moving_saved_route_aiming_surfer,30.7481344834335,27.53924988344844,52.42421871930817,33.89077627182222,27.03218412205073,13.030580582506621,1,12.836465325700967,2.6061166631196766,False
22:03:00.831,486,5.396,route_surfer_clearance,30.583567259095368,27.162988503328506,49.07158322590009,33.89077627182222,26.95480448770646,11.39110036965454,1,11.835279214640016,0.0,False
22:03:30.088,755,34.654,route_surfer_clearance,44.22742591757955,26.51496140863627,45.615037034025534,33.89077627182222,26.51277691490403,9.731201893607462,1,11.0835994687637,0.0,False
22:04:33.432,1342,97.998,route_surfer_clearance,32.1277933064527,26.482036362134657,46.49522665256578,33.89077627182222,26.47432842204649,10.13759666714546,1,11.399543455056447,0.0,False
22:04:33.554,1343,0.0,off,,,,,,,,11.399543455056447,,False
