timestamp,direct_m,heading_deg,surfer_bearing_deg,heading_error_deg,actual_gimbal_pitch_deg,commanded_pitch_deg,pitch_command_error_deg,camera_yaw_deg,camera_yaw_error_deg,gimbal_age_ms,gps_age_ms,aircraft_age_ms,mp4,offset,source,session
2026-10-04T08:43:52.721+10:00,28.2,-87.7,269.66,-2.64,-21.200000000000003,-25.0,3.799999999999997,274.3,-4.6373753018264665,216,76,216,DJI_0560.MP4,01:30.721,C:\Users\gildo\temp\vt 4.03\logs\cam3_full_2026-10-04_083821_554_1a3054b0.jsonl,1
2026-10-04T08:46:24.793+10:00,28.67,78.8,76.8,-2.0,-20.3,-25.0,4.699999999999999,79.10000000000001,-2.304883393952025,3,649,532,DJI_0560.MP4,04:02.793,C:\Users\gildo\temp\vt 4.03\logs\cam3_full_2026-10-04_083821_554_1a3054b0.jsonl,1
2026-10-04T08:46:38.739+10:00,27.17,67.8,65.68,-2.12,-24.900000000000002,-25.0,0.09999999999999787,67.5,-1.8150441655221528,320,68,320,DJI_0560.MP4,04:16.739,C:\Users\gildo\temp\vt 4.03\logs\cam3_full_2026-10-04_083821_554_1a3054b0.jsonl,1
2026-10-04T08:46:39.693+10:00,27.94,67.4,68.42,1.02,-24.900000000000002,-25.0,0.09999999999999787,66.9,1.5181315140881395,214,47,214,DJI_0560.MP4,04:17.693,C:\Users\gildo\temp\vt 4.03\logs\cam3_full_2026-10-04_083821_554_1a3054b0.jsonl,1
2026-10-04T08:47:10.021+10:00,28.85,82.3,86.92,4.62,-19.3,-25.0,5.699999999999999,77.10000000000001,9.821083462900958,4,372,521,DJI_0560.MP4,04:48.021,C:\Users\gildo\temp\vt 4.03\logs\cam3_full_2026-10-04_083821_554_1a3054b0.jsonl,1
2026-10-04T08:47:12.697+10:00,27.58,84.8,88.36,3.56,-24.900000000000002,-25.0,0.09999999999999787,80.50000000000001,7.860465576186044,106,49,106,DJI_0560.MP4,04:50.697,C:\Users\gildo\temp\vt 4.03\logs\cam3_full_2026-10-04_083821_554_1a3054b0.jsonl,1
2026-10-04T08:47:15.786+10:00,28.34,88.0,92.26,4.26,-24.900000000000002,-25.0,0.09999999999999787,83.5,8.76481629182365,107,146,107,DJI_0560.MP4,04:53.786,C:\Users\gildo\temp\vt 4.03\logs\cam3_full_2026-10-04_083821_554_1a3054b0.jsonl,1
2026-10-04T08:47:59.706+10:00,27.29,93.1,90.1,-3.0,-24.900000000000002,-25.0,0.09999999999999787,91.7,-1.6026056358075778,309,60,309,DJI_0561.MP4,00:14.706,C:\Users\gildo\temp\vt 4.03\logs\cam3_full_2026-10-04_083821_554_1a3054b0.jsonl,1
2026-10-04T08:48:04.746+10:00,28.32,93.0,92.18,-0.82,-24.900000000000002,-25.0,0.09999999999999787,90.8,1.376435420720071,206,99,206,DJI_0561.MP4,00:19.746,C:\Users\gildo\temp\vt 4.03\logs\cam3_full_2026-10-04_083821_554_1a3054b0.jsonl,1
2026-10-04T08:48:15.961+10:00,27.64,89.5,85.05,-4.45,-24.900000000000002,-25.0,0.09999999999999787,89.2,-4.147682100476828,108,316,108,DJI_0561.MP4,00:30.961,C:\Users\gildo\temp\vt 4.03\logs\cam3_full_2026-10-04_083821_554_1a3054b0.jsonl,1
2026-10-04T08:48:18.527+10:00,27.41,84.5,79.68,-4.82,-24.900000000000002,-25.0,0.09999999999999787,84.5,-4.818454204063727,108,382,108,DJI_0561.MP4,00:33.527,C:\Users\gildo\temp\vt 4.03\logs\cam3_full_2026-10-04_083821_554_1a3054b0.jsonl,1
2026-10-04T08:48:19.453+10:00,28.52,82.4,78.17,-4.23,-24.900000000000002,-25.0,0.09999999999999787,81.80000000000001,-3.6332199259510105,4,308,519,DJI_0561.MP4,00:34.453,C:\Users\gildo\temp\vt 4.03\logs\cam3_full_2026-10-04_083821_554_1a3054b0.jsonl,1
2026-10-04T08:49:00.183+10:00,27.9,91.8,94.44,2.64,-19.8,-25.0,5.199999999999999,88.80000000000001,5.6395640069737,107,37,107,DJI_0561.MP4,01:15.183,C:\Users\gildo\temp\vt 4.03\logs\cam3_full_2026-10-04_083821_554_1a3054b0.jsonl,1
2026-10-04T08:49:23.221+10:00,27.21,93.3,94.52,1.22,-25.0,-25.0,0.0,91.9,2.617604956615537,3,76,517,DJI_0561.MP4,01:38.221,C:\Users\gildo\temp\vt 4.03\logs\cam3_full_2026-10-04_083821_554_1a3054b0.jsonl,1
2026-10-04T08:49:40.193+10:00,27.63,98.8,101.32,2.52,-33.5,-25.0,-8.5,94.70000000000002,6.624937089307991,5,44,5,DJI_0561.MP4,01:55.193,C:\Users\gildo\temp\vt 4.03\logs\cam3_full_2026-10-04_083821_554_1a3054b0.jsonl,1
2026-10-04T08:50:01.161+10:00,28.17,92.7,91.78,-0.92,-25.0,-25.0,0.0,91.8,-0.02124865856413294,414,14,414,DJI_0561.MP4,02:16.161,C:\Users\gildo\temp\vt 4.03\logs\cam3_full_2026-10-04_083821_554_1a3054b0.jsonl,1
2026-10-04T08:50:03.321+10:00,28.83,92.8,93.36,0.56,-24.900000000000002,-25.0,0.09999999999999787,91.00000000000001,2.3623813575338204,4,174,519,DJI_0561.MP4,02:18.321,C:\Users\gildo\temp\vt 4.03\logs\cam3_full_2026-10-04_083821_554_1a3054b0.jsonl,1
2026-10-04T08:50:06.922+10:00,28.97,92.8,93.17,0.37,-24.900000000000002,-25.0,0.09999999999999787,90.60000000000001,2.5726520347797077,4,279,517,DJI_0561.MP4,02:21.922,C:\Users\gildo\temp\vt 4.03\logs\cam3_full_2026-10-04_083821_554_1a3054b0.jsonl,1
2026-10-04T08:51:09.153+10:00,28.8,96.2,96.61,0.41,-18.8,-19.0,0.1999999999999993,94.60000000000001,2.008525912654534,4,11,519,DJI_0561.MP4,03:24.153,C:\Users\gildo\temp\vt 4.03\logs\cam3_full_2026-10-04_083821_554_1a3054b0.jsonl,1
2026-10-04T08:51:25.159+10:00,27.42,96.7,97.16,0.46,-30.3,-25.0,-5.300000000000001,94.8,2.355348985588421,104,13,104,DJI_0561.MP4,03:40.159,C:\Users\gildo\temp\vt 4.03\logs\cam3_full_2026-10-04_083821_554_1a3054b0.jsonl,1
2026-10-04T08:51:28.760+10:00,27.57,96.4,96.21,-0.19,-25.0,-25.0,0.0,97.0,-0.7852083985707736,111,95,111,DJI_0561.MP4,03:43.760,C:\Users\gildo\temp\vt 4.03\logs\cam3_full_2026-10-04_083821_554_1a3054b0.jsonl,1
2026-10-04T08:51:35.734+10:00,27.51,91.0,87.49,-3.51,-25.0,-25.0,0.0,91.6,-4.112646250797212,409,87,409,DJI_0561.MP4,03:50.734,C:\Users\gildo\temp\vt 4.03\logs\cam3_full_2026-10-04_083821_554_1a3054b0.jsonl,1
2026-10-04T08:51:38.928+10:00,27.74,87.3,83.04,-4.26,-24.900000000000002,-25.0,0.09999999999999787,87.70000000000002,-4.655026519318881,3,785,518,DJI_0561.MP4,03:53.928,C:\Users\gildo\temp\vt 4.03\logs\cam3_full_2026-10-04_083821_554_1a3054b0.jsonl,1
2026-10-04T08:51:41.597+10:00,27.89,84.9,81.41,-3.49,-24.900000000000002,-25.0,0.09999999999999787,84.30000000000001,-2.888301159484058,105,453,105,DJI_0561.MP4,03:56.597,C:\Users\gildo\temp\vt 4.03\logs\cam3_full_2026-10-04_083821_554_1a3054b0.jsonl,1
2026-10-04T08:51:42.523+10:00,28.97,83.2,80.72,-2.48,-25.0,-25.0,0.0,83.4,-2.6831953243998328,5,873,518,DJI_0561.MP4,03:57.523,C:\Users\gildo\temp\vt 4.03\logs\cam3_full_2026-10-04_083821_554_1a3054b0.jsonl,1
2026-10-04T08:51:50.230+10:00,28.84,83.1,84.79,1.69,-24.900000000000002,-25.0,0.09999999999999787,80.7,4.088648308739437,4,88,4,DJI_0561.MP4,04:05.230,C:\Users\gildo\temp\vt 4.03\logs\cam3_full_2026-10-04_083821_554_1a3054b0.jsonl,1
2026-10-04T08:51:56.711+10:00,27.87,85.7,86.29,0.59,-24.900000000000002,-25.0,0.09999999999999787,81.9,4.3915108191917795,310,65,310,DJI_0561.MP4,04:11.711,C:\Users\gildo\temp\vt 4.03\logs\cam3_full_2026-10-04_083821_554_1a3054b0.jsonl,1
2026-10-04T08:52:14.406+10:00,27.32,132.6,130.08,-2.52,-25.0,-25.0,0.0,134.6,-4.520049689021278,3,262,516,DJI_0561.MP4,04:29.406,C:\Users\gildo\temp\vt 4.03\logs\cam3_full_2026-10-04_083821_554_1a3054b0.jsonl,1
2026-10-04T08:52:14.926+10:00,27.44,126.9,126.99,0.09,-24.900000000000002,-25.0,0.09999999999999787,128.8,-1.8100882616349736,4,275,523,DJI_0561.MP4,04:29.926,C:\Users\gildo\temp\vt 4.03\logs\cam3_full_2026-10-04_083821_554_1a3054b0.jsonl,1
2026-10-04T08:52:15.748+10:00,27.6,125.9,123.92,-1.98,-25.0,-25.0,0.0,126.4,-2.4803114192982036,311,101,311,DJI_0561.MP4,04:30.748,C:\Users\gildo\temp\vt 4.03\logs\cam3_full_2026-10-04_083821_554_1a3054b0.jsonl,1
2026-10-04T08:52:18.520+10:00,28.99,119.7,117.05,-2.65,-25.0,-25.0,0.0,121.3,-4.248142902658117,4,873,519,DJI_0561.MP4,04:33.520,C:\Users\gildo\temp\vt 4.03\logs\cam3_full_2026-10-04_083821_554_1a3054b0.jsonl,1
2026-10-04T08:53:13.184+10:00,28.67,96.0,99.91,3.91,-25.0,-25.0,0.0,93.4,6.512461956515921,209,37,209,DJI_0562.MP4,00:05.184,C:\Users\gildo\temp\vt 4.03\logs\cam3_full_2026-10-04_083821_554_1a3054b0.jsonl,1
2026-10-04T08:53:14.624+10:00,28.64,98.1,102.02,3.92,-24.900000000000002,-25.0,0.09999999999999787,94.50000000000001,7.5161293653150665,105,952,105,DJI_0562.MP4,00:06.624,C:\Users\gildo\temp\vt 4.03\logs\cam3_full_2026-10-04_083821_554_1a3054b0.jsonl,1
2026-10-04T08:53:15.240+10:00,27.62,98.7,102.41,3.71,-25.0,-25.0,0.0,94.8,7.608283238118503,211,96,211,DJI_0562.MP4,00:07.240,C:\Users\gildo\temp\vt 4.03\logs\cam3_full_2026-10-04_083821_554_1a3054b0.jsonl,1
2026-10-04T08:53:36.095+10:00,27.34,82.4,86.78,4.38,-25.0,-25.0,0.0,79.4,7.380637535729051,4,450,520,DJI_0562.MP4,00:28.095,C:\Users\gildo\temp\vt 4.03\logs\cam3_full_2026-10-04_083821_554_1a3054b0.jsonl,1
2026-10-04T08:53:49.958+10:00,28.38,87.0,91.21,4.21,-25.0,-25.0,0.0,85.0,6.211697879792894,4,809,512,DJI_0562.MP4,00:41.958,C:\Users\gildo\temp\vt 4.03\logs\cam3_full_2026-10-04_083821_554_1a3054b0.jsonl,1
2026-10-04T08:53:51.502+10:00,28.45,89.4,93.47,4.07,-25.0,-25.0,0.0,86.2,7.274194570680265,3,358,516,DJI_0562.MP4,00:43.502,C:\Users\gildo\temp\vt 4.03\logs\cam3_full_2026-10-04_083821_554_1a3054b0.jsonl,1
2026-10-04T08:53:53.250+10:00,28.43,90.6,93.48,2.88,-25.0,-25.0,0.0,87.9,5.57758676376676,208,105,208,DJI_0562.MP4,00:45.250,C:\Users\gildo\temp\vt 4.03\logs\cam3_full_2026-10-04_083821_554_1a3054b0.jsonl,1
2026-10-04T08:54:34.238+10:00,28.84,92.8,90.35,-2.45,-25.0,-25.0,0.0,89.60000000000001,0.7506881620462025,108,88,108,DJI_0562.MP4,01:26.238,C:\Users\gildo\temp\vt 4.03\logs\cam3_full_2026-10-04_083821_554_1a3054b0.jsonl,1
2026-10-04T08:54:39.169+10:00,27.01,92.7,89.88,-2.82,-25.0,-25.0,0.0,89.60000000000001,0.27578623431128335,413,20,413,DJI_0562.MP4,01:31.169,C:\Users\gildo\temp\vt 4.03\logs\cam3_full_2026-10-04_083821_554_1a3054b0.jsonl,1
2026-10-04T08:54:40.300+10:00,28.03,91.9,87.64,-4.26,-25.0,-25.0,0.0,89.9,-2.25737324478564,4,650,517,DJI_0562.MP4,01:32.300,C:\Users\gildo\temp\vt 4.03\logs\cam3_full_2026-10-04_083821_554_1a3054b0.jsonl,1
2026-10-04T08:55:20.197+10:00,28.68,92.1,91.93,-0.17,-25.0,-25.0,0.0,89.7,2.233341940089332,314,51,314,DJI_0562.MP4,02:12.197,C:\Users\gildo\temp\vt 4.03\logs\cam3_full_2026-10-04_083821_554_1a3054b0.jsonl,1
2026-10-04T08:56:32.755+10:00,27.03,93.8,94.87,1.07,-24.900000000000002,-25.0,0.09999999999999787,91.4,3.4691012967678603,409,107,409,DJI_0562.MP4,03:24.755,C:\Users\gildo\temp\vt 4.03\logs\cam3_full_2026-10-04_083821_554_1a3054b0.jsonl,1
2026-10-04T08:56:54.945+10:00,28.31,177.6,173.66,-3.94,-25.0,-25.0,0.0,179.10000000000002,-5.442961579081441,4,295,4,DJI_0562.MP4,03:46.945,C:\Users\gildo\temp\vt 4.03\logs\cam3_full_2026-10-04_083821_554_1a3054b0.jsonl,1
2026-10-04T08:57:47.865+10:00,29.0,92.4,89.16,-3.24,-25.0,-25.0,0.0,91.5,-2.3407072307232966,5,219,518,DJI_0562.MP4,04:39.865,C:\Users\gildo\temp\vt 4.03\logs\cam3_full_2026-10-04_083821_554_1a3054b0.jsonl,1
2026-10-04T08:57:59.681+10:00,28.02,91.9,88.96,-2.94,-24.900000000000002,-25.0,0.09999999999999787,90.2,-1.2371608390548374,3,31,516,DJI_0562.MP4,04:51.681,C:\Users\gildo\temp\vt 4.03\logs\cam3_full_2026-10-04_083821_554_1a3054b0.jsonl,1
2026-10-04T08:58:04.406+10:00,28.99,91.8,89.09,-2.71,-25.0,-25.0,0.0,89.70000000000002,-0.6095058449465114,106,260,106,DJI_0562.MP4,04:56.406,C:\Users\gildo\temp\vt 4.03\logs\cam3_full_2026-10-04_083821_554_1a3054b0.jsonl,1
2026-10-04T08:58:08.195+10:00,28.05,91.9,89.03,-2.87,-25.0,-25.0,0.0,89.5,-0.47152806607806497,309,24,309,DJI_0562.MP4,05:00.195,C:\Users\gildo\temp\vt 4.03\logs\cam3_full_2026-10-04_083821_554_1a3054b0.jsonl,1
2026-10-04T08:58:16.198+10:00,28.03,91.9,89.04,-2.86,-24.900000000000002,-25.0,0.09999999999999787,89.30000000000001,-0.2568084457553823,104,47,104,DJI_0562.MP4,05:08.198,C:\Users\gildo\temp\vt 4.03\logs\cam3_full_2026-10-04_083821_554_1a3054b0.jsonl,1
2026-10-04T08:58:27.687+10:00,27.03,91.9,91.54,-0.36,-24.900000000000002,-25.0,0.09999999999999787,90.0,1.5449484105843965,309,36,309,DJI_0562.MP4,05:19.687,C:\Users\gildo\temp\vt 4.03\logs\cam3_full_2026-10-04_083821_554_1a3054b0.jsonl,1
2026-10-04T08:58:57.256+10:00,28.85,91.1,87.61,-3.49,-25.0,-25.0,0.0,89.60000000000001,-1.9918456727354794,108,109,108,DJI_0563.MP4,00:25.256,C:\Users\gildo\temp\vt 4.03\logs\cam3_full_2026-10-04_083821_554_1a3054b0.jsonl,1
2026-10-04T08:58:59.208+10:00,28.92,90.3,86.89,-3.41,-24.900000000000002,-25.0,0.09999999999999787,89.00000000000001,-2.110220845966495,4,62,520,DJI_0563.MP4,00:27.208,C:\Users\gildo\temp\vt 4.03\logs\cam3_full_2026-10-04_083821_554_1a3054b0.jsonl,1
2026-10-04T08:59:03.938+10:00,28.95,89.2,86.15,-3.05,-25.0,-25.0,0.0,86.9,-0.7519838591843495,108,775,108,DJI_0563.MP4,00:31.938,C:\Users\gildo\temp\vt 4.03\logs\cam3_full_2026-10-04_083821_554_1a3054b0.jsonl,1
2026-10-04T08:59:04.864+10:00,27.03,89.1,85.77,-3.33,-24.900000000000002,-25.0,0.09999999999999787,87.10000000000001,-1.3274461668156619,3,213,520,DJI_0563.MP4,00:32.864,C:\Users\gildo\temp\vt 4.03\logs\cam3_full_2026-10-04_083821_554_1a3054b0.jsonl,1
2026-10-04T08:59:10.196+10:00,27.04,88.4,85.69,-2.71,-24.900000000000002,-25.0,0.09999999999999787,86.7,-1.0138636668008587,209,44,209,DJI_0563.MP4,00:38.196,C:\Users\gildo\temp\vt 4.03\logs\cam3_full_2026-10-04_083821_554_1a3054b0.jsonl,1
2026-10-04T08:59:14.205+10:00,28.95,88.5,85.83,-2.67,-25.0,-25.0,0.0,86.4,-0.5726708268850018,108,55,108,DJI_0563.MP4,00:42.205,C:\Users\gildo\temp\vt 4.03\logs\cam3_full_2026-10-04_083821_554_1a3054b0.jsonl,1
2026-10-04T08:59:23.964+10:00,27.06,87.5,83.17,-4.33,-25.0,-25.0,0.0,86.4,-3.23127229762531,104,291,104,DJI_0563.MP4,00:51.964,C:\Users\gildo\temp\vt 4.03\logs\cam3_full_2026-10-04_083821_554_1a3054b0.jsonl,1
2026-10-04T09:01:38.194+10:00,27.65,86.4,87.34,0.94,-24.900000000000002,-25.0,0.09999999999999787,84.5,2.840928557812788,316,44,316,DJI_0563.MP4,03:06.194,C:\Users\gildo\temp\vt 4.03\logs\cam3_full_2026-10-04_083821_554_1a3054b0.jsonl,1
2026-10-04T09:01:45.702+10:00,27.64,86.7,87.46,0.76,-24.900000000000002,-25.0,0.09999999999999787,84.4,3.0640332892815536,107,49,107,DJI_0563.MP4,03:13.702,C:\Users\gildo\temp\vt 4.03\logs\cam3_full_2026-10-04_083821_554_1a3054b0.jsonl,1
2026-10-04T09:01:55.252+10:00,27.56,86.8,87.13,0.33,-24.900000000000002,-25.0,0.09999999999999787,84.4,2.7286314645376706,409,100,409,DJI_0563.MP4,03:23.252,C:\Users\gildo\temp\vt 4.03\logs\cam3_full_2026-10-04_083821_554_1a3054b0.jsonl,1
2026-10-04T09:02:44.103+10:00,28.36,110.0,108.38,-1.62,-24.900000000000002,-25.0,0.09999999999999787,106.9,1.4800540376820095,3,432,510,DJI_0563.MP4,04:12.103,C:\Users\gildo\temp\vt 4.03\logs\cam3_full_2026-10-04_083821_554_1a3054b0.jsonl,1
2026-10-04T09:02:44.618+10:00,28.1,109.9,109.78,-0.12,-25.0,-25.0,0.0,107.0,2.7807545627822776,4,466,518,DJI_0563.MP4,04:12.618,C:\Users\gildo\temp\vt 4.03\logs\cam3_full_2026-10-04_083821_554_1a3054b0.jsonl,1
2026-10-04T09:04:02.672+10:00,28.55,93.2,91.81,-1.39,-18.900000000000002,-25.0,6.099999999999998,91.2,0.6072808170769122,4,17,518,DJI_0564.MP4,00:07.672,C:\Users\gildo\temp\vt 4.03\logs\cam3_full_2026-10-04_083821_554_1a3054b0.jsonl,1
2026-10-04T09:04:07.810+10:00,28.98,90.7,86.08,-4.62,-25.0,-25.0,0.0,90.4,-4.317863243061197,3,160,513,DJI_0564.MP4,00:12.810,C:\Users\gildo\temp\vt 4.03\logs\cam3_full_2026-10-04_083821_554_1a3054b0.jsonl,1
2026-10-04T09:04:09.969+10:00,28.99,88.2,83.89,-4.31,-25.0,-25.0,0.0,88.4,-4.5103539787166085,109,813,109,DJI_0564.MP4,00:14.969,C:\Users\gildo\temp\vt 4.03\logs\cam3_full_2026-10-04_083821_554_1a3054b0.jsonl,1
2026-10-04T09:04:10.896+10:00,28.16,86.2,81.69,-4.51,-24.900000000000002,-25.0,0.09999999999999787,85.8,-4.111895073425558,4,245,519,DJI_0564.MP4,00:15.896,C:\Users\gildo\temp\vt 4.03\logs\cam3_full_2026-10-04_083821_554_1a3054b0.jsonl,1
2026-10-04T09:04:22.191+10:00,28.95,84.0,88.27,4.27,-25.0,-25.0,0.0,81.6,6.665272775679568,3,540,514,DJI_0564.MP4,00:27.191,C:\Users\gildo\temp\vt 4.03\logs\cam3_full_2026-10-04_083821_554_1a3054b0.jsonl,1
2026-10-04T09:04:24.759+10:00,28.16,85.9,89.05,3.15,-24.900000000000002,-25.0,0.09999999999999787,82.30000000000001,6.754662788717837,4,103,519,DJI_0564.MP4,00:29.759,C:\Users\gildo\temp\vt 4.03\logs\cam3_full_2026-10-04_083821_554_1a3054b0.jsonl,1
2026-10-04T09:04:45.162+10:00,27.67,92.0,89.35,-2.65,-25.0,-25.0,0.0,88.7,0.6541947307771352,413,7,413,DJI_0564.MP4,00:50.162,C:\Users\gildo\temp\vt 4.03\logs\cam3_full_2026-10-04_083821_554_1a3054b0.jsonl,1
2026-10-04T09:04:52.243+10:00,28.74,90.2,87.3,-2.9,-24.900000000000002,-25.0,0.09999999999999787,88.8,-1.4994029423945676,310,93,310,DJI_0564.MP4,00:57.243,C:\Users\gildo\temp\vt 4.03\logs\cam3_full_2026-10-04_083821_554_1a3054b0.jsonl,1
2026-10-04T09:04:55.736+10:00,28.81,90.2,87.37,-2.83,-24.900000000000002,-25.0,0.09999999999999787,88.3,-0.930540815298059,209,81,209,DJI_0564.MP4,01:00.736,C:\Users\gildo\temp\vt 4.03\logs\cam3_full_2026-10-04_083821_554_1a3054b0.jsonl,1
2026-10-04T09:05:00.659+10:00,27.83,90.2,89.49,-0.71,-24.900000000000002,-25.0,0.09999999999999787,88.4,1.0876729105447964,3,8,516,DJI_0564.MP4,01:05.659,C:\Users\gildo\temp\vt 4.03\logs\cam3_full_2026-10-04_083821_554_1a3054b0.jsonl,1
2026-10-04T09:05:02.719+10:00,28.8,90.2,89.6,-0.6,-24.900000000000002,-25.0,0.09999999999999787,88.7,0.8978049948484568,4,67,520,DJI_0564.MP4,01:07.719,C:\Users\gildo\temp\vt 4.03\logs\cam3_full_2026-10-04_083821_554_1a3054b0.jsonl,1
2026-10-04T09:05:06.215+10:00,28.83,90.3,91.86,1.56,-25.0,-25.0,0.0,87.9,3.957222912862477,412,62,412,DJI_0564.MP4,01:11.215,C:\Users\gildo\temp\vt 4.03\logs\cam3_full_2026-10-04_083821_554_1a3054b0.jsonl,1
2026-10-04T09:05:28.172+10:00,27.04,92.6,96.6,4.0,-24.900000000000002,-25.0,0.09999999999999787,91.60000000000001,4.995315615681136,310,18,310,DJI_0564.MP4,01:33.172,C:\Users\gildo\temp\vt 4.03\logs\cam3_full_2026-10-04_083821_554_1a3054b0.jsonl,1
2026-10-04T09:05:53.212+10:00,27.87,87.8,90.23,2.43,-25.0,-25.0,0.0,85.70000000000002,4.527005247298291,209,56,209,DJI_0564.MP4,01:58.212,C:\Users\gildo\temp\vt 4.03\logs\cam3_full_2026-10-04_083821_554_1a3054b0.jsonl,1
2026-10-04T09:05:57.223+10:00,27.88,89.6,92.47,2.87,-25.0,-25.0,0.0,86.10000000000001,6.372913926614871,106,66,106,DJI_0564.MP4,02:02.223,C:\Users\gildo\temp\vt 4.03\logs\cam3_full_2026-10-04_083821_554_1a3054b0.jsonl,1
2026-10-04T09:05:58.762+10:00,27.89,89.6,90.19,0.59,-25.0,-25.0,0.0,86.10000000000001,4.086392171304794,105,88,105,DJI_0564.MP4,02:03.762,C:\Users\gildo\temp\vt 4.03\logs\cam3_full_2026-10-04_083821_554_1a3054b0.jsonl,1
2026-10-04T09:06:07.183+10:00,28.82,89.5,90.36,0.86,-25.0,-25.0,0.0,86.6,3.7585341159033874,312,29,312,DJI_0564.MP4,02:12.183,C:\Users\gildo\temp\vt 4.03\logs\cam3_full_2026-10-04_083821_554_1a3054b0.jsonl,1
2026-10-04T09:06:31.746+10:00,28.71,89.8,92.46,2.66,-25.0,-25.0,0.0,87.00000000000001,5.460720304162578,208,94,208,DJI_0564.MP4,02:36.746,C:\Users\gildo\temp\vt 4.03\logs\cam3_full_2026-10-04_083821_554_1a3054b0.jsonl,1
2026-10-04T09:06:40.878+10:00,27.82,90.3,94.78,4.48,-24.900000000000002,-25.0,0.09999999999999787,91.00000000000001,3.78259745910168,105,226,105,DJI_0564.MP4,02:45.878,C:\Users\gildo\temp\vt 4.03\logs\cam3_full_2026-10-04_083821_554_1a3054b0.jsonl,1
2026-10-04T09:07:59.809+10:00,27.16,-158.4,204.09,2.49,-23.5,-25.0,1.5,197.2,6.8860163071984175,6,156,6,DJI_0564.MP4,04:04.809,C:\Users\gildo\temp\vt 4.03\logs\cam3_full_2026-10-04_083821_554_1a3054b0.jsonl,1
2026-10-04T09:09:29.138+10:00,27.06,92.2,95.24,3.04,-25.0,-25.0,0.0,88.60000000000001,6.641191982735933,6,465,6,DJI_0565.MP4,00:11.138,C:\Users\gildo\temp\vt 4.03\logs\cam3_full_2026-10-04_083821_554_1a3054b0.jsonl,1
2026-10-04T09:09:53.246+10:00,27.85,92.7,94.23,1.53,-25.0,-25.0,0.0,90.10000000000001,4.133412657895974,3,94,516,DJI_0565.MP4,00:35.246,C:\Users\gildo\temp\vt 4.03\logs\cam3_full_2026-10-04_083821_554_1a3054b0.jsonl,1
2026-10-04T09:10:02.183+10:00,28.94,93.3,94.49,1.19,-24.900000000000002,-25.0,0.09999999999999787,90.30000000000001,4.189564096333811,209,31,209,DJI_0565.MP4,00:44.183,C:\Users\gildo\temp\vt 4.03\logs\cam3_full_2026-10-04_083821_554_1a3054b0.jsonl,1
2026-10-04T09:10:09.672+10:00,27.84,92.9,94.44,1.54,-25.0,-25.0,0.0,90.2,4.236460568539229,2,18,518,DJI_0565.MP4,00:51.672,C:\Users\gildo\temp\vt 4.03\logs\cam3_full_2026-10-04_083821_554_1a3054b0.jsonl,1
2026-10-04T09:10:23.741+10:00,27.81,93.4,94.67,1.27,-25.0,-25.0,0.0,90.60000000000001,4.065916790110123,210,61,210,DJI_0565.MP4,01:05.741,C:\Users\gildo\temp\vt 4.03\logs\cam3_full_2026-10-04_083821_554_1a3054b0.jsonl,1
2026-10-04T09:11:02.756+10:00,28.21,131.0,133.59,2.59,-24.900000000000002,-25.0,0.09999999999999787,131.5,2.0901698644900364,210,98,210,DJI_0565.MP4,01:44.756,C:\Users\gildo\temp\vt 4.03\logs\cam3_full_2026-10-04_083821_554_1a3054b0.jsonl,1
2026-10-04T09:21:39.017+10:00,28.45,19.8,24.65,4.85,-28.6,-25.0,-3.6000000000000014,16.9,7.753455143035069,4,330,4,DJI_0566.MP4,01:35.017,C:\Users\gildo\temp\vt 4.03\logs\cam3_full_2026-10-04_091937_120_b916420d.jsonl,1
2026-10-04T09:23:52.218+10:00,28.39,93.5,97.54,4.04,-19.700000000000003,-25.0,5.299999999999997,90.7,6.838291648974916,108,55,108,DJI_0566.MP4,03:48.218,C:\Users\gildo\temp\vt 4.03\logs\cam3_full_2026-10-04_091937_120_b916420d.jsonl,1
2026-10-04T09:24:04.674+10:00,28.02,95.4,91.49,-3.91,-24.900000000000002,-25.0,0.09999999999999787,93.10000000000001,-1.6116140707302407,207,16,207,DJI_0566.MP4,04:00.674,C:\Users\gildo\temp\vt 4.03\logs\cam3_full_2026-10-04_091937_120_b916420d.jsonl,1
2026-10-04T09:24:23.741+10:00,27.25,96.3,92.76,-3.54,-24.900000000000002,-25.0,0.09999999999999787,93.50000000000001,-0.7432043889363058,210,56,210,DJI_0566.MP4,04:19.741,C:\Users\gildo\temp\vt 4.03\logs\cam3_full_2026-10-04_091937_120_b916420d.jsonl,1
2026-10-04T09:24:29.718+10:00,27.28,92.1,90.39,-1.71,-24.900000000000002,-25.0,0.09999999999999787,90.00000000000001,0.39402413391815116,3,54,522,DJI_0566.MP4,04:25.718,C:\Users\gildo\temp\vt 4.03\logs\cam3_full_2026-10-04_091937_120_b916420d.jsonl,1
2026-10-04T09:24:43.188+10:00,28.25,92.0,89.84,-2.16,-24.900000000000002,-25.0,0.09999999999999787,89.1,0.7439313034044233,106,24,106,DJI_0566.MP4,04:39.188,C:\Users\gildo\temp\vt 4.03\logs\cam3_full_2026-10-04_091937_120_b916420d.jsonl,1
2026-10-04T09:25:14.683+10:00,28.99,91.3,88.37,-2.93,-24.900000000000002,-25.0,0.09999999999999787,87.80000000000001,0.5687973691702837,207,21,207,DJI_0566.MP4,05:10.683,C:\Users\gildo\temp\vt 4.03\logs\cam3_full_2026-10-04_091937_120_b916420d.jsonl,1
2026-10-04T09:25:16.731+10:00,28.05,91.3,88.16,-3.14,-25.0,-25.0,0.0,87.9,0.25980793978010297,205,74,205,DJI_0566.MP4,05:12.731,C:\Users\gildo\temp\vt 4.03\logs\cam3_full_2026-10-04_091937_120_b916420d.jsonl,1
2026-10-04T09:25:18.591+10:00,28.15,90.4,85.97,-4.43,-24.900000000000002,-25.0,0.09999999999999787,87.30000000000001,-1.3256707668884928,4,431,522,DJI_0566.MP4,05:14.591,C:\Users\gildo\temp\vt 4.03\logs\cam3_full_2026-10-04_091937_120_b916420d.jsonl,1
2026-10-04T09:26:24.223+10:00,27.85,92.9,90.99,-1.91,-29.5,-25.0,-4.5,88.2,2.79232466117179,310,64,310,DJI_0567.MP4,00:57.223,C:\Users\gildo\temp\vt 4.03\logs\cam3_full_2026-10-04_091937_120_b916420d.jsonl,1
2026-10-04T09:26:41.698+10:00,27.85,93.0,88.48,-4.52,-25.0,-25.0,0.0,89.3,-0.8182069093848838,311,36,311,DJI_0567.MP4,01:14.698,C:\Users\gildo\temp\vt 4.03\logs\cam3_full_2026-10-04_091937_120_b916420d.jsonl,1
2026-10-04T09:26:49.103+10:00,27.85,91.2,86.35,-4.85,-24.900000000000002,-25.0,0.09999999999999787,89.0,-2.6473105574487477,4,417,521,DJI_0567.MP4,01:22.103,C:\Users\gildo\temp\vt 4.03\logs\cam3_full_2026-10-04_091937_120_b916420d.jsonl,1
2026-10-04T09:28:02.804+10:00,27.38,88.0,83.36,-4.64,-22.8,-25.0,2.1999999999999993,88.4,-5.042713321721095,107,144,107,DJI_0567.MP4,02:35.804,C:\Users\gildo\temp\vt 4.03\logs\cam3_full_2026-10-04_091937_120_b916420d.jsonl,1
2026-10-04T09:28:09.697+10:00,27.34,81.0,76.7,-4.3,-24.900000000000002,-25.0,0.09999999999999787,80.6,-3.9004406932403697,311,34,311,DJI_0567.MP4,02:42.697,C:\Users\gildo\temp\vt 4.03\logs\cam3_full_2026-10-04_091937_120_b916420d.jsonl,1
2026-10-04T09:28:37.172+10:00,28.91,89.2,90.57,1.37,-25.0,-25.0,0.0,85.3,5.268489445299281,7,9,7,DJI_0567.MP4,03:10.172,C:\Users\gildo\temp\vt 4.03\logs\cam3_full_2026-10-04_091937_120_b916420d.jsonl,1
2026-10-04T09:28:47.760+10:00,27.92,89.2,87.97,-1.23,-25.0,-25.0,0.0,85.60000000000001,2.366932104986148,313,96,313,DJI_0567.MP4,03:20.760,C:\Users\gildo\temp\vt 4.03\logs\cam3_full_2026-10-04_091937_120_b916420d.jsonl,1
2026-10-04T09:29:04.722+10:00,28.91,88.9,88.15,-0.75,-25.0,-25.0,0.0,85.4,2.7480284785946765,311,59,311,DJI_0567.MP4,03:37.722,C:\Users\gildo\temp\vt 4.03\logs\cam3_full_2026-10-04_091937_120_b916420d.jsonl,1
2026-10-04T09:29:07.186+10:00,27.88,89.0,88.05,-0.95,-25.0,-25.0,0.0,85.5,2.5454120942449094,206,25,206,DJI_0567.MP4,03:40.186,C:\Users\gildo\temp\vt 4.03\logs\cam3_full_2026-10-04_091937_120_b916420d.jsonl,1
2026-10-04T09:29:25.693+10:00,28.76,89.2,91.61,2.41,-25.0,-25.0,0.0,85.10000000000001,6.507519387721516,208,30,208,DJI_0567.MP4,03:58.693,C:\Users\gildo\temp\vt 4.03\logs\cam3_full_2026-10-04_091937_120_b916420d.jsonl,1
2026-10-04T09:30:15.851+10:00,27.09,88.3,86.54,-1.76,-30.3,-25.0,-5.300000000000001,84.70000000000002,1.8426527059356772,1,191,515,DJI_0567.MP4,04:48.851,C:\Users\gildo\temp\vt 4.03\logs\cam3_full_2026-10-04_091937_120_b916420d.jsonl,1
2026-10-04T09:30:44.126+10:00,27.25,166.2,161.3,-4.9,-25.700000000000003,-25.0,-0.7000000000000028,166.70000000000002,-5.401915175248718,3,961,518,DJI_0567.MP4,05:17.126,C:\Users\gildo\temp\vt 4.03\logs\cam3_full_2026-10-04_091937_120_b916420d.jsonl,1
2026-10-04T09:30:44.745+10:00,28.76,162.3,158.24,-4.06,-25.0,-25.0,0.0,163.8,-5.5646767040947225,111,82,111,DJI_0567.MP4,05:17.745,C:\Users\gildo\temp\vt 4.03\logs\cam3_full_2026-10-04_091937_120_b916420d.jsonl,1
2026-10-04T09:30:48.761+10:00,28.84,151.4,147.25,-4.15,-24.900000000000002,-25.0,0.09999999999999787,153.0,-5.749726076349447,4,601,524,DJI_0567.MP4,05:21.761,C:\Users\gildo\temp\vt 4.03\logs\cam3_full_2026-10-04_091937_120_b916420d.jsonl,1
2026-10-04T09:30:49.274+10:00,27.94,147.9,146.03,-1.87,-25.0,-25.0,0.0,148.9,-2.8719646919548154,5,114,518,DJI_0567.MP4,05:22.274,C:\Users\gildo\temp\vt 4.03\logs\cam3_full_2026-10-04_091937_120_b916420d.jsonl,1
2026-10-04T09:31:35.267+10:00,28.15,89.9,93.07,3.17,-19.6,-25.0,5.399999999999999,88.2,4.867190802373528,208,84,208,DJI_0568.MP4,00:45.267,C:\Users\gildo\temp\vt 4.03\logs\cam3_full_2026-10-04_091937_120_b916420d.jsonl,1
2026-10-04T09:31:52.746+10:00,28.3,91.6,93.98,2.38,-25.0,-25.0,0.0,88.50000000000001,5.479418842276544,211,81,211,DJI_0568.MP4,01:02.746,C:\Users\gildo\temp\vt 4.03\logs\cam3_full_2026-10-04_091937_120_b916420d.jsonl,1
2026-10-04T09:31:54.185+10:00,27.37,91.6,94.12,2.52,-25.0,-25.0,0.0,88.4,5.715230824457677,108,21,108,DJI_0568.MP4,01:04.185,C:\Users\gildo\temp\vt 4.03\logs\cam3_full_2026-10-04_091937_120_b916420d.jsonl,1
2026-10-04T09:32:01.189+10:00,27.47,91.5,94.35,2.85,-24.900000000000002,-25.0,0.09999999999999787,88.4,5.949165576973769,410,20,410,DJI_0568.MP4,01:11.189,C:\Users\gildo\temp\vt 4.03\logs\cam3_full_2026-10-04_091937_120_b916420d.jsonl,1
2026-10-04T09:32:12.192+10:00,27.37,91.7,94.16,2.46,-25.0,-25.0,0.0,89.60000000000001,4.561085102991996,106,27,106,DJI_0568.MP4,01:22.192,C:\Users\gildo\temp\vt 4.03\logs\cam3_full_2026-10-04_091937_120_b916420d.jsonl,1
2026-10-04T09:32:25.236+10:00,27.27,91.6,91.84,0.24,-24.900000000000002,-25.0,0.09999999999999787,89.30000000000001,2.541689119295768,312,71,312,DJI_0568.MP4,01:35.236,C:\Users\gildo\temp\vt 4.03\logs\cam3_full_2026-10-04_091937_120_b916420d.jsonl,1
2026-10-04T09:32:32.752+10:00,27.4,89.9,85.7,-4.2,-25.0,-25.0,0.0,88.5,-2.8018235136129874,106,87,106,DJI_0568.MP4,01:42.752,C:\Users\gildo\temp\vt 4.03\logs\cam3_full_2026-10-04_091937_120_b916420d.jsonl,1
2026-10-04T09:32:57.730+10:00,28.92,84.5,85.65,1.15,-24.900000000000002,-25.0,0.09999999999999787,82.0,3.6483519719897686,414,63,414,DJI_0568.MP4,02:07.730,C:\Users\gildo\temp\vt 4.03\logs\cam3_full_2026-10-04_091937_120_b916420d.jsonl,1
2026-10-04T09:33:00.711+10:00,28.21,84.6,81.09,-3.51,-24.900000000000002,-25.0,0.09999999999999787,82.60000000000001,-1.5067146946463197,310,50,310,DJI_0568.MP4,02:10.711,C:\Users\gildo\temp\vt 4.03\logs\cam3_full_2026-10-04_091937_120_b916420d.jsonl,1
2026-10-04T09:33:02.980+10:00,27.49,83.2,78.29,-4.91,-25.0,-25.0,0.0,82.3,-4.0111253357007115,3,318,524,DJI_0568.MP4,02:12.980,C:\Users\gildo\temp\vt 4.03\logs\cam3_full_2026-10-04_091937_120_b916420d.jsonl,1
2026-10-04T09:33:04.110+10:00,27.65,80.5,77.28,-3.22,-24.900000000000002,-25.0,0.09999999999999787,80.1,-2.8154362038207523,107,426,107,DJI_0568.MP4,02:14.110,C:\Users\gildo\temp\vt 4.03\logs\cam3_full_2026-10-04_091937_120_b916420d.jsonl,1
2026-10-04T09:33:04.521+10:00,27.89,79.8,75.34,-4.46,-24.900000000000002,-25.0,0.09999999999999787,80.00000000000001,-4.663962074372876,4,357,518,DJI_0568.MP4,02:14.521,C:\Users\gildo\temp\vt 4.03\logs\cam3_full_2026-10-04_091937_120_b916420d.jsonl,1
2026-10-04T09:33:06.069+10:00,27.22,77.2,73.55,-3.65,-24.900000000000002,-25.0,0.09999999999999787,77.4,-3.8498937995687186,3,408,520,DJI_0568.MP4,02:16.069,C:\Users\gildo\temp\vt 4.03\logs\cam3_full_2026-10-04_091937_120_b916420d.jsonl,1
2026-10-04T09:33:07.096+10:00,27.52,76.1,71.82,-4.28,-25.0,-25.0,0.0,76.10000000000001,-4.27923177649015,4,432,519,DJI_0568.MP4,02:17.096,C:\Users\gildo\temp\vt 4.03\logs\cam3_full_2026-10-04_091937_120_b916420d.jsonl,1
2026-10-04T09:33:09.150+10:00,27.74,74.4,70.97,-3.43,-24.900000000000002,-25.0,0.09999999999999787,71.9,-0.9286545509812356,4,983,518,DJI_0568.MP4,02:19.150,C:\Users\gildo\temp\vt 4.03\logs\cam3_full_2026-10-04_091937_120_b916420d.jsonl,1
2026-10-04T09:33:15.311+10:00,27.5,78.6,83.37,4.77,-24.900000000000002,-25.0,0.09999999999999787,73.7,9.670736605679764,4,146,516,DJI_0568.MP4,02:25.311,C:\Users\gildo\temp\vt 4.03\logs\cam3_full_2026-10-04_091937_120_b916420d.jsonl,1
2026-10-04T09:33:18.706+10:00,27.57,81.4,83.01,1.61,-24.900000000000002,-25.0,0.09999999999999787,77.4,5.613689226359327,311,9,311,DJI_0568.MP4,02:28.706,C:\Users\gildo\temp\vt 4.03\logs\cam3_full_2026-10-04_091937_120_b916420d.jsonl,1
2026-10-04T09:33:36.197+10:00,28.87,81.4,84.83,3.43,-25.0,-25.0,0.0,77.9,6.925008260137616,312,26,312,DJI_0568.MP4,02:46.197,C:\Users\gildo\temp\vt 4.03\logs\cam3_full_2026-10-04_091937_120_b916420d.jsonl,1
2026-10-04T09:33:37.428+10:00,28.8,83.1,87.81,4.71,-25.0,-25.0,0.0,78.10000000000001,9.707586080276883,4,262,4,DJI_0568.MP4,02:47.428,C:\Users\gildo\temp\vt 4.03\logs\cam3_full_2026-10-04_091937_120_b916420d.jsonl,1
2026-10-04T09:34:00.544+10:00,28.93,87.9,88.42,0.52,-24.5,-25.0,0.5,85.2,3.2172967305929774,3,378,516,DJI_0568.MP4,03:10.544,C:\Users\gildo\temp\vt 4.03\logs\cam3_full_2026-10-04_091937_120_b916420d.jsonl,1
2026-10-04T09:34:10.318+10:00,27.02,96.5,94.18,-2.32,-34.9,-25.0,-9.899999999999999,91.5,2.681780691118888,1,148,516,DJI_0568.MP4,03:20.318,C:\Users\gildo\temp\vt 4.03\logs\cam3_full_2026-10-04_091937_120_b916420d.jsonl,1
2026-10-04T09:34:27.168+10:00,28.52,87.6,84.04,-3.56,-24.900000000000002,-25.0,0.09999999999999787,85.60000000000001,-1.564600727516222,413,3,413,DJI_0568.MP4,03:37.168,C:\Users\gildo\temp\vt 4.03\logs\cam3_full_2026-10-04_091937_120_b916420d.jsonl,1
2026-10-04T09:34:33.740+10:00,28.06,86.3,83.45,-2.85,-24.900000000000002,-25.0,0.09999999999999787,83.70000000000002,-0.2450297821947629,310,47,310,DJI_0568.MP4,03:43.740,C:\Users\gildo\temp\vt 4.03\logs\cam3_full_2026-10-04_091937_120_b916420d.jsonl,1
2026-10-04T09:34:35.698+10:00,28.05,86.2,83.41,-2.79,-25.0,-25.0,0.0,83.0,0.41048283519359074,207,28,207,DJI_0568.MP4,03:45.698,C:\Users\gildo\temp\vt 4.03\logs\cam3_full_2026-10-04_091937_120_b916420d.jsonl,1
2026-10-04T09:34:37.238+10:00,28.04,86.3,83.35,-2.95,-24.900000000000002,-25.0,0.09999999999999787,83.30000000000001,0.050942252576192004,208,71,208,DJI_0568.MP4,03:47.238,C:\Users\gildo\temp\vt 4.03\logs\cam3_full_2026-10-04_091937_120_b916420d.jsonl,1
2026-10-04T09:34:47.721+10:00,27.78,86.3,87.72,1.42,-24.900000000000002,-25.0,0.09999999999999787,83.4,4.3193762068233355,411,52,411,DJI_0568.MP4,03:57.721,C:\Users\gildo\temp\vt 4.03\logs\cam3_full_2026-10-04_091937_120_b916420d.jsonl,1
2026-10-04T09:34:49.260+10:00,27.77,86.3,89.99,3.69,-24.900000000000002,-25.0,0.09999999999999787,83.60000000000001,6.387875682874693,412,91,412,DJI_0568.MP4,03:59.260,C:\Users\gildo\temp\vt 4.03\logs\cam3_full_2026-10-04_091937_120_b916420d.jsonl,1
2026-10-04T09:34:58.715+10:00,27.75,89.1,92.03,2.93,-24.900000000000002,-25.0,0.09999999999999787,84.2,7.832076182444098,107,20,107,DJI_0568.MP4,04:08.715,C:\Users\gildo\temp\vt 4.03\logs\cam3_full_2026-10-04_091937_120_b916420d.jsonl,1
2026-10-04T09:35:46.275+10:00,27.43,85.7,82.34,-3.36,-25.0,-25.0,0.0,82.10000000000001,0.23835320083136935,411,103,411,DJI_0568.MP4,04:56.275,C:\Users\gildo\temp\vt 4.03\logs\cam3_full_2026-10-04_091937_120_b916420d.jsonl,1
2026-10-04T09:36:08.441+10:00,28.9,88.0,90.13,2.13,-25.0,-25.0,0.0,85.0,5.133770190096698,4,275,4,DJI_0568.MP4,05:18.441,C:\Users\gildo\temp\vt 4.03\logs\cam3_full_2026-10-04_091937_120_b916420d.jsonl,1
2026-10-04T09:37:10.215+10:00,28.94,94.5,91.18,-3.32,-21.6,-25.0,3.3999999999999986,92.2,-1.015068084734196,107,48,107,DJI_0569.MP4,00:56.215,C:\Users\gildo\temp\vt 4.03\logs\cam3_full_2026-10-04_091937_120_b916420d.jsonl,1
2026-10-04T09:37:18.220+10:00,27.07,93.8,93.32,-0.48,-24.900000000000002,-25.0,0.09999999999999787,91.20000000000002,2.1159625294063176,413,52,413,DJI_0569.MP4,01:04.220,C:\Users\gildo\temp\vt 4.03\logs\cam3_full_2026-10-04_091937_120_b916420d.jsonl,1
2026-10-04T09:37:49.759+10:00,27.37,93.6,96.52,2.92,-24.900000000000002,-25.0,0.09999999999999787,90.2,6.318595996655006,107,88,107,DJI_0569.MP4,01:35.759,C:\Users\gildo\temp\vt 4.03\logs\cam3_full_2026-10-04_091937_120_b916420d.jsonl,1
2026-10-04T09:37:57.763+10:00,27.43,95.2,94.68,-0.52,-24.900000000000002,-25.0,0.09999999999999787,91.4,3.2806902379860787,411,91,411,DJI_0569.MP4,01:43.763,C:\Users\gildo\temp\vt 4.03\logs\cam3_full_2026-10-04_091937_120_b916420d.jsonl,1
2026-10-04T09:38:19.258+10:00,28.19,92.9,91.91,-0.99,-25.0,-25.0,0.0,89.80000000000001,2.1130812995182566,311,83,311,DJI_0569.MP4,02:05.258,C:\Users\gildo\temp\vt 4.03\logs\cam3_full_2026-10-04_091937_120_b916420d.jsonl,1
2026-10-04T09:39:31.902+10:00,28.95,87.9,83.77,-4.13,-20.700000000000003,-25.0,4.299999999999997,88.0,-4.230086956177928,4,234,516,DJI_0569.MP4,03:17.902,C:\Users\gildo\temp\vt 4.03\logs\cam3_full_2026-10-04_091937_120_b916420d.jsonl,1
2026-10-04T09:39:33.439+10:00,28.61,85.6,80.89,-4.71,-24.900000000000002,-25.0,0.09999999999999787,84.9,-4.012202133917867,3,271,514,DJI_0569.MP4,03:19.439,C:\Users\gildo\temp\vt 4.03\logs\cam3_full_2026-10-04_091937_120_b916420d.jsonl,1
2026-10-04T09:39:35.704+10:00,27.97,83.5,82.63,-0.87,-25.0,-25.0,0.0,82.6,0.03207957680876916,213,36,213,DJI_0569.MP4,03:21.704,C:\Users\gildo\temp\vt 4.03\logs\cam3_full_2026-10-04_091937_120_b916420d.jsonl,1
2026-10-04T09:39:42.181+10:00,28.12,83.6,84.13,0.53,-24.900000000000002,-25.0,0.09999999999999787,80.9,3.232152792897182,5,10,5,DJI_0569.MP4,03:28.181,C:\Users\gildo\temp\vt 4.03\logs\cam3_full_2026-10-04_091937_120_b916420d.jsonl,1
2026-10-04T09:39:55.236+10:00,28.09,88.1,88.77,0.67,-24.900000000000002,-25.0,0.09999999999999787,82.80000000000001,5.9697301114542825,215,65,215,DJI_0569.MP4,03:41.236,C:\Users\gildo\temp\vt 4.03\logs\cam3_full_2026-10-04_091937_120_b916420d.jsonl,1
2026-10-04T09:40:19.675+10:00,28.95,87.6,90.52,2.92,-24.900000000000002,-25.0,0.09999999999999787,84.10000000000001,6.423765976698604,2,506,517,DJI_0569.MP4,04:05.675,C:\Users\gildo\temp\vt 4.03\logs\cam3_full_2026-10-04_091937_120_b916420d.jsonl,1
2026-10-04T09:40:23.884+10:00,28.97,89.7,92.81,3.11,-24.900000000000002,-25.0,0.09999999999999787,84.4,8.413118561595581,106,193,106,DJI_0569.MP4,04:09.884,C:\Users\gildo\temp\vt 4.03\logs\cam3_full_2026-10-04_091937_120_b916420d.jsonl,1
2026-10-04T09:41:30.017+10:00,28.99,82.4,79.53,-2.87,-25.0,-25.0,0.0,81.10000000000001,-1.5730761609573278,3,344,3,DJI_0569.MP4,05:16.017,C:\Users\gildo\temp\vt 4.03\logs\cam3_full_2026-10-04_091937_120_b916420d.jsonl,1
2026-10-04T09:41:33.715+10:00,28.88,81.9,80.71,-1.19,-25.0,-25.0,0.0,78.9,1.811348667954519,106,18,106,DJI_0569.MP4,05:19.715,C:\Users\gildo\temp\vt 4.03\logs\cam3_full_2026-10-04_091937_120_b916420d.jsonl,1
2026-10-04T09:41:43.880+10:00,28.8,84.4,88.74,4.34,-25.0,-25.0,0.0,79.30000000000001,9.435187299291584,4,186,517,DJI_0570.MP4,00:06.880,C:\Users\gildo\temp\vt 4.03\logs\cam3_full_2026-10-04_091937_120_b916420d.jsonl,1
2026-10-04T09:42:07.189+10:00,28.82,86.0,86.6,0.6,-24.900000000000002,-25.0,0.09999999999999787,82.0,4.60103326510125,207,16,207,DJI_0570.MP4,00:30.189,C:\Users\gildo\temp\vt 4.03\logs\cam3_full_2026-10-04_091937_120_b916420d.jsonl,1
2026-10-04T09:42:10.679+10:00,27.81,85.9,86.49,0.59,-25.0,-25.0,0.0,81.7,4.791435323735072,108,9,108,DJI_0570.MP4,00:33.679,C:\Users\gildo\temp\vt 4.03\logs\cam3_full_2026-10-04_091937_120_b916420d.jsonl,1
2026-10-04T09:42:13.255+10:00,28.75,86.0,86.62,0.62,-24.900000000000002,-25.0,0.09999999999999787,82.0,4.61982914156124,108,85,108,DJI_0570.MP4,00:36.255,C:\Users\gildo\temp\vt 4.03\logs\cam3_full_2026-10-04_091937_120_b916420d.jsonl,1
2026-10-04T09:42:31.643+10:00,28.95,86.0,88.68,2.68,-25.0,-25.0,0.0,82.2,6.47838229930926,5,473,5,DJI_0570.MP4,00:54.643,C:\Users\gildo\temp\vt 4.03\logs\cam3_full_2026-10-04_091937_120_b916420d.jsonl,1
2026-10-04T09:42:37.695+10:00,27.04,86.1,90.98,4.88,-24.900000000000002,-25.0,0.09999999999999787,81.80000000000001,9.181530911594251,413,24,413,DJI_0570.MP4,01:00.695,C:\Users\gildo\temp\vt 4.03\logs\cam3_full_2026-10-04_091937_120_b916420d.jsonl,1
2026-10-04T09:42:39.338+10:00,27.0,87.9,90.97,3.07,-25.0,-25.0,0.0,82.80000000000001,8.165586911396275,4,169,518,DJI_0570.MP4,01:02.338,C:\Users\gildo\temp\vt 4.03\logs\cam3_full_2026-10-04_091937_120_b916420d.jsonl,1
2026-10-04T09:42:40.775+10:00,27.98,87.9,88.56,0.66,-24.900000000000002,-25.0,0.09999999999999787,82.80000000000001,5.761508826270642,410,100,410,DJI_0570.MP4,01:03.775,C:\Users\gildo\temp\vt 4.03\logs\cam3_full_2026-10-04_091937_120_b916420d.jsonl,1
2026-10-04T09:43:33.743+10:00,28.64,82.4,85.95,3.55,-25.0,-25.0,0.0,79.2,6.754866628082681,3,45,517,DJI_0570.MP4,01:56.743,C:\Users\gildo\temp\vt 4.03\logs\cam3_full_2026-10-04_091937_120_b916420d.jsonl,1
2026-10-04T09:43:37.326+10:00,27.85,85.6,89.64,4.04,-24.900000000000002,-25.0,0.09999999999999787,80.00000000000001,9.639155502510647,3,152,516,DJI_0570.MP4,02:00.326,C:\Users\gildo\temp\vt 4.03\logs\cam3_full_2026-10-04_091937_120_b916420d.jsonl,1
2026-10-04T09:43:46.772+10:00,28.94,86.8,87.56,0.76,-25.0,-25.0,0.0,82.80000000000001,4.759922803751294,209,98,209,DJI_0570.MP4,02:09.772,C:\Users\gildo\temp\vt 4.03\logs\cam3_full_2026-10-04_091937_120_b916420d.jsonl,1
2026-10-04T09:45:39.705+10:00,27.51,78.2,76.61,-1.59,-26.400000000000002,-25.0,-1.4000000000000021,75.7,0.9106253581018677,105,31,105,DJI_0570.MP4,04:02.705,C:\Users\gildo\temp\vt 4.03\logs\cam3_full_2026-10-04_091937_120_b916420d.jsonl,1
2026-10-04T09:45:43.205+10:00,27.25,78.2,81.59,3.39,-24.900000000000002,-25.0,0.09999999999999787,75.2,6.39412666926961,3,34,516,DJI_0570.MP4,04:06.205,C:\Users\gildo\temp\vt 4.03\logs\cam3_full_2026-10-04_091937_120_b916420d.jsonl,1
2026-10-04T09:45:47.728+10:00,27.07,81.4,85.28,3.88,-25.0,-25.0,0.0,76.60000000000001,8.675537481532956,411,42,411,DJI_0570.MP4,04:10.728,C:\Users\gildo\temp\vt 4.03\logs\cam3_full_2026-10-04_091937_120_b916420d.jsonl,1
2026-10-04T09:46:17.705+10:00,27.0,91.4,90.71,-0.69,-25.0,-25.0,0.0,87.5,3.2073513198864134,107,34,107,DJI_0570.MP4,04:40.705,C:\Users\gildo\temp\vt 4.03\logs\cam3_full_2026-10-04_091937_120_b916420d.jsonl,1
2026-10-04T09:46:19.764+10:00,27.96,91.5,88.41,-3.09,-25.0,-25.0,0.0,87.8,0.6087140760773764,106,89,106,DJI_0570.MP4,04:42.764,C:\Users\gildo\temp\vt 4.03\logs\cam3_full_2026-10-04_091937_120_b916420d.jsonl,1
2026-10-04T09:46:28.185+10:00,28.91,89.2,86.27,-2.93,-24.900000000000002,-25.0,0.09999999999999787,87.2,-0.9297858004943294,309,14,309,DJI_0570.MP4,04:51.185,C:\Users\gildo\temp\vt 4.03\logs\cam3_full_2026-10-04_091937_120_b916420d.jsonl,1
2026-10-04T09:46:39.764+10:00,28.19,85.5,82.28,-3.22,-25.0,-25.0,0.0,83.8,-1.5164208475397345,103,92,103,DJI_0570.MP4,05:02.764,C:\Users\gildo\temp\vt 4.03\logs\cam3_full_2026-10-04_091937_120_b916420d.jsonl,1
2026-10-04T09:46:42.753+10:00,28.31,83.3,82.99,-0.31,-25.0,-25.0,0.0,81.80000000000001,1.1861400534421875,4,74,4,DJI_0570.MP4,05:05.753,C:\Users\gildo\temp\vt 4.03\logs\cam3_full_2026-10-04_091937_120_b916420d.jsonl,1
2026-10-04T09:47:00.721+10:00,28.43,83.3,82.07,-1.23,-24.900000000000002,-25.0,0.09999999999999787,79.80000000000001,2.2720253870986653,4,47,4,DJI_0571.MP4,00:00.721,C:\Users\gildo\temp\vt 4.03\logs\cam3_full_2026-10-04_091937_120_b916420d.jsonl,1
2026-10-04T09:47:05.745+10:00,28.27,84.2,88.12,3.92,-24.900000000000002,-25.0,0.09999999999999787,80.0,8.11935248145133,410,71,410,DJI_0571.MP4,00:05.745,C:\Users\gildo\temp\vt 4.03\logs\cam3_full_2026-10-04_091937_120_b916420d.jsonl,1
2026-10-04T09:47:17.757+10:00,28.35,86.2,86.87,0.67,-24.900000000000002,-25.0,0.09999999999999787,82.2,4.6664955592561626,105,82,105,DJI_0571.MP4,00:17.757,C:\Users\gildo\temp\vt 4.03\logs\cam3_full_2026-10-04_091937_120_b916420d.jsonl,1
2026-10-04T09:47:23.199+10:00,27.58,84.8,83.28,-1.52,-25.0,-25.0,0.0,82.30000000000001,0.977117526523017,413,28,413,DJI_0571.MP4,00:23.199,C:\Users\gildo\temp\vt 4.03\logs\cam3_full_2026-10-04_091937_120_b916420d.jsonl,1
2026-10-04T09:47:45.690+10:00,28.9,84.2,82.89,-1.31,-24.900000000000002,-25.0,0.09999999999999787,81.2,1.6921516336134061,308,15,308,DJI_0571.MP4,00:45.690,C:\Users\gildo\temp\vt 4.03\logs\cam3_full_2026-10-04_091937_120_b916420d.jsonl,1
2026-10-04T09:47:47.737+10:00,27.85,84.2,83.66,-0.54,-24.900000000000002,-25.0,0.09999999999999787,80.60000000000001,3.064898383121829,309,65,309,DJI_0571.MP4,00:47.737,C:\Users\gildo\temp\vt 4.03\logs\cam3_full_2026-10-04_091937_120_b916420d.jsonl,1
2026-10-04T09:47:49.692+10:00,27.84,84.1,84.05,-0.05,-25.0,-25.0,0.0,81.00000000000001,3.05069662253635,209,21,209,DJI_0571.MP4,00:49.692,C:\Users\gildo\temp\vt 4.03\logs\cam3_full_2026-10-04_091937_120_b916420d.jsonl,1
2026-10-04T09:47:56.256+10:00,28.77,84.1,84.53,0.43,-25.0,-25.0,0.0,81.50000000000001,3.029132515418496,104,84,104,DJI_0571.MP4,00:56.256,C:\Users\gildo\temp\vt 4.03\logs\cam3_full_2026-10-04_091937_120_b916420d.jsonl,1
2026-10-04T09:48:00.262+10:00,27.76,84.1,86.38,2.28,-24.900000000000002,-25.0,0.09999999999999787,80.9,5.478839102494078,1,87,512,DJI_0571.MP4,01:00.262,C:\Users\gildo\temp\vt 4.03\logs\cam3_full_2026-10-04_091937_120_b916420d.jsonl,1
2026-10-04T09:48:06.724+10:00,28.79,84.1,84.42,0.32,-25.0,-25.0,0.0,82.00000000000001,2.4187977509709526,310,45,310,DJI_0571.MP4,01:06.724,C:\Users\gildo\temp\vt 4.03\logs\cam3_full_2026-10-04_091937_120_b916420d.jsonl,1
2026-10-04T09:49:19.772+10:00,28.55,96.7,97.9,1.2,-19.0,-25.0,6.0,95.10000000000001,2.798252751874031,412,94,412,DJI_0571.MP4,02:19.772,C:\Users\gildo\temp\vt 4.03\logs\cam3_full_2026-10-04_091937_120_b916420d.jsonl,1
2026-10-04T09:49:23.271+10:00,28.17,96.5,97.73,1.23,-24.900000000000002,-25.0,0.09999999999999787,99.3,-1.5673720486281013,310,95,310,DJI_0571.MP4,02:23.271,C:\Users\gildo\temp\vt 4.03\logs\cam3_full_2026-10-04_091937_120_b916420d.jsonl,1
2026-10-04T09:49:31.693+10:00,27.1,91.3,92.24,0.94,-24.900000000000002,-25.0,0.09999999999999787,88.5,3.7442301158222335,3,17,515,DJI_0571.MP4,02:31.693,C:\Users\gildo\temp\vt 4.03\logs\cam3_full_2026-10-04_091937_120_b916420d.jsonl,1
2026-10-04T09:49:34.766+10:00,27.07,91.3,92.12,0.82,-25.0,-25.0,0.0,88.20000000000002,3.921798245590878,513,91,513,-,-,C:\Users\gildo\temp\vt 4.03\logs\cam3_full_2026-10-04_091937_120_b916420d.jsonl,1
2026-10-04T09:49:37.750+10:00,27.91,91.3,89.75,-1.55,-24.900000000000002,-25.0,0.09999999999999787,88.10000000000001,1.6469576471485539,417,77,417,-,-,C:\Users\gildo\temp\vt 4.03\logs\cam3_full_2026-10-04_091937_120_b916420d.jsonl,1
2026-10-04T09:49:43.099+10:00,27.01,91.4,92.08,0.68,-25.0,-25.0,0.0,88.10000000000001,3.9761580648072368,104,426,104,-,-,C:\Users\gildo\temp\vt 4.03\logs\cam3_full_2026-10-04_091937_120_b916420d.jsonl,1
2026-10-04T09:49:45.768+10:00,27.03,91.3,89.67,-1.63,-24.900000000000002,-25.0,0.09999999999999787,88.00000000000001,1.6726297657807265,209,93,209,-,-,C:\Users\gildo\temp\vt 4.03\logs\cam3_full_2026-10-04_091937_120_b916420d.jsonl,1
2026-10-04T09:50:15.257+10:00,27.02,92.8,88.88,-3.92,-24.900000000000002,-25.0,0.09999999999999787,90.10000000000001,-1.2155179550563844,412,81,412,-,-,C:\Users\gildo\temp\vt 4.03\logs\cam3_full_2026-10-04_091937_120_b916420d.jsonl,1
2026-10-04T09:50:29.202+10:00,28.14,90.9,90.23,-0.67,-25.0,-25.0,0.0,88.0,2.234234567716385,513,25,513,-,-,C:\Users\gildo\temp\vt 4.03\logs\cam3_full_2026-10-04_091937_120_b916420d.jsonl,1
2026-10-04T09:50:30.730+10:00,27.23,91.0,92.71,1.71,-25.0,-25.0,0.0,88.4,4.308686964144499,3,55,514,-,-,C:\Users\gildo\temp\vt 4.03\logs\cam3_full_2026-10-04_091937_120_b916420d.jsonl,1
2026-10-04T09:59:32.757+10:00,27.7,151.5,147.48,-4.02,-24.900000000000002,-25.0,0.09999999999999787,151.1,-3.624583914910829,6,80,524,DJI_0574.MP4,01:14.757,C:\Users\gildo\temp\vt 4.03\logs\cam3_full_2026-10-04_095812_811_bcc33e7d.jsonl,1
2026-10-04T10:00:53.158+10:00,28.2,163.5,168.46,4.96,-24.900000000000002,-25.0,0.09999999999999787,157.1,11.361088529508436,5,478,519,DJI_0574.MP4,02:35.158,C:\Users\gildo\temp\vt 4.03\logs\cam3_full_2026-10-04_095812_811_bcc33e7d.jsonl,1
2026-10-04T10:00:56.760+10:00,28.61,166.2,165.45,-0.75,-25.0,-25.0,0.0,161.9,3.5457892485958666,521,77,521,DJI_0574.MP4,02:38.760,C:\Users\gildo\temp\vt 4.03\logs\cam3_full_2026-10-04_095812_811_bcc33e7d.jsonl,1
2026-10-04T10:01:07.046+10:00,28.78,173.2,177.61,4.41,-24.900000000000002,-25.0,0.09999999999999787,168.00000000000003,9.607832043677064,6,370,6,DJI_0574.MP4,02:49.046,C:\Users\gildo\temp\vt 4.03\logs\cam3_full_2026-10-04_095812_811_bcc33e7d.jsonl,1
2026-10-04T10:01:08.174+10:00,27.61,175.3,180.06,4.76,-24.900000000000002,-25.0,0.09999999999999787,169.60000000000002,10.458965019241276,106,493,106,DJI_0574.MP4,02:50.174,C:\Users\gildo\temp\vt 4.03\logs\cam3_full_2026-10-04_095812_811_bcc33e7d.jsonl,1
2026-10-04T10:01:11.256+10:00,28.68,177.5,178.88,1.38,-24.900000000000002,-25.0,0.09999999999999787,173.5,5.378793162299786,108,74,108,DJI_0574.MP4,02:53.256,C:\Users\gildo\temp\vt 4.03\logs\cam3_full_2026-10-04_095812_811_bcc33e7d.jsonl,1
2026-10-04T10:01:15.272+10:00,28.9,177.6,173.02,-4.58,-25.0,-25.0,0.0,173.90000000000003,-0.8753593418822732,5,91,5,DJI_0574.MP4,02:57.272,C:\Users\gildo\temp\vt 4.03\logs\cam3_full_2026-10-04_095812_811_bcc33e7d.jsonl,1
2026-10-04T10:01:19.287+10:00,27.74,175.8,174.81,-0.99,-24.900000000000002,-25.0,0.09999999999999787,173.5,1.3068295266776602,416,104,416,DJI_0574.MP4,03:01.287,C:\Users\gildo\temp\vt 4.03\logs\cam3_full_2026-10-04_095812_811_bcc33e7d.jsonl,1
2026-10-04T10:01:27.727+10:00,28.9,174.4,178.51,4.11,-25.0,-25.0,0.0,172.6,5.906320447273288,106,45,106,DJI_0574.MP4,03:09.727,C:\Users\gildo\temp\vt 4.03\logs\cam3_full_2026-10-04_095812_811_bcc33e7d.jsonl,1
2026-10-04T10:01:38.010+10:00,27.08,175.1,170.15,-4.95,-24.900000000000002,-25.0,0.09999999999999787,173.50000000000003,-3.3470050797183433,106,329,106,DJI_0574.MP4,03:20.010,C:\Users\gildo\temp\vt 4.03\logs\cam3_full_2026-10-04_095812_811_bcc33e7d.jsonl,1
2026-10-04T10:01:38.934+10:00,27.18,173.3,169.02,-4.28,-24.900000000000002,-25.0,0.09999999999999787,171.5,-2.4809116904682185,5,229,517,DJI_0574.MP4,03:20.934,C:\Users\gildo\temp\vt 4.03\logs\cam3_full_2026-10-04_095812_811_bcc33e7d.jsonl,1
2026-10-04T10:01:44.701+10:00,27.13,166.2,161.32,-4.88,-24.900000000000002,-25.0,0.09999999999999787,165.50000000000003,-4.1828043825873635,108,24,108,DJI_0574.MP4,03:26.701,C:\Users\gildo\temp\vt 4.03\logs\cam3_full_2026-10-04_095812_811_bcc33e7d.jsonl,1
2026-10-04T10:01:48.195+10:00,28.09,164.0,162.99,-1.01,-24.900000000000002,-25.0,0.09999999999999787,162.0,0.9901658503152078,4,14,519,DJI_0574.MP4,03:30.195,C:\Users\gildo\temp\vt 4.03\logs\cam3_full_2026-10-04_095812_811_bcc33e7d.jsonl,1
2026-10-04T10:01:54.259+10:00,27.5,165.0,167.24,2.24,-25.0,-25.0,0.0,162.3,4.93655878852681,412,77,412,DJI_0574.MP4,03:36.259,C:\Users\gildo\temp\vt 4.03\logs\cam3_full_2026-10-04_095812_811_bcc33e7d.jsonl,1
2026-10-04T10:02:18.099+10:00,28.68,176.7,177.78,1.08,-24.900000000000002,-25.0,0.09999999999999787,172.70000000000002,5.078859652036414,105,418,105,DJI_0574.MP4,04:00.099,C:\Users\gildo\temp\vt 4.03\logs\cam3_full_2026-10-04_095812_811_bcc33e7d.jsonl,1
2026-10-04T10:02:20.055+10:00,28.85,176.7,177.96,1.26,-25.0,-25.0,0.0,174.10000000000002,3.864054504173339,4,376,521,DJI_0574.MP4,04:02.055,C:\Users\gildo\temp\vt 4.03\logs\cam3_full_2026-10-04_095812_811_bcc33e7d.jsonl,1
2026-10-04T10:03:42.928+10:00,27.43,173.0,169.09,-3.91,-25.0,-25.0,0.0,171.4,-2.307658028878393,106,746,106,DJI_0575.MP4,00:01.928,C:\Users\gildo\temp\vt 4.03\logs\cam3_full_2026-10-04_095812_811_bcc33e7d.jsonl,1
2026-10-04T10:03:44.260+10:00,27.19,172.2,171.91,-0.29,-25.0,-25.0,0.0,171.3,0.6050217725713196,413,80,413,DJI_0575.MP4,00:03.260,C:\Users\gildo\temp\vt 4.03\logs\cam3_full_2026-10-04_095812_811_bcc33e7d.jsonl,1
2026-10-04T10:06:10.266+10:00,27.15,169.6,171.76,2.16,-24.900000000000002,-25.0,0.09999999999999787,165.50000000000003,6.263860721710898,312,88,312,DJI_0575.MP4,02:29.266,C:\Users\gildo\temp\vt 4.03\logs\cam3_full_2026-10-04_095812_811_bcc33e7d.jsonl,1
2026-10-04T10:06:15.209+10:00,27.25,169.7,172.44,2.74,-24.900000000000002,-25.0,0.09999999999999787,166.3,6.140450402808597,109,26,109,DJI_0575.MP4,02:34.209,C:\Users\gildo\temp\vt 4.03\logs\cam3_full_2026-10-04_095812_811_bcc33e7d.jsonl,1
2026-10-04T10:06:19.736+10:00,27.46,169.6,170.43,0.83,-24.900000000000002,-25.0,0.09999999999999787,166.8,3.6284588234603063,515,51,515,DJI_0575.MP4,02:38.736,C:\Users\gildo\temp\vt 4.03\logs\cam3_full_2026-10-04_095812_811_bcc33e7d.jsonl,1
2026-10-04T10:06:22.710+10:00,28.7,169.6,169.67,0.07,-24.900000000000002,-25.0,0.09999999999999787,166.60000000000002,3.0666396396771916,411,27,411,DJI_0575.MP4,02:41.710,C:\Users\gildo\temp\vt 4.03\logs\cam3_full_2026-10-04_095812_811_bcc33e7d.jsonl,1
2026-10-04T10:06:24.766+10:00,28.59,169.7,171.52,1.82,-25.0,-25.0,0.0,167.3,4.2220225111854575,413,85,413,DJI_0575.MP4,02:43.766,C:\Users\gildo\temp\vt 4.03\logs\cam3_full_2026-10-04_095812_811_bcc33e7d.jsonl,1
2026-10-04T10:06:28.469+10:00,28.25,170.8,174.79,3.99,-24.900000000000002,-25.0,0.09999999999999787,166.9,7.889315467196525,1,290,518,DJI_0575.MP4,02:47.469,C:\Users\gildo\temp\vt 4.03\logs\cam3_full_2026-10-04_095812_811_bcc33e7d.jsonl,1
2026-10-04T10:06:29.287+10:00,28.35,171.6,172.84,1.24,-25.0,-25.0,0.0,168.70000000000002,4.144088401146121,312,103,312,DJI_0575.MP4,02:48.287,C:\Users\gildo\temp\vt 4.03\logs\cam3_full_2026-10-04_095812_811_bcc33e7d.jsonl,1
2026-10-04T10:06:35.237+10:00,28.47,171.8,171.6,-0.2,-25.0,-25.0,0.0,168.5,3.1008944676125623,108,57,108,DJI_0575.MP4,02:54.237,C:\Users\gildo\temp\vt 4.03\logs\cam3_full_2026-10-04_095812_811_bcc33e7d.jsonl,1
2026-10-04T10:06:38.224+10:00,28.38,170.8,170.63,-0.17,-25.0,-25.0,0.0,162.3,8.329854317751426,2,45,519,DJI_0575.MP4,02:57.224,C:\Users\gildo\temp\vt 4.03\logs\cam3_full_2026-10-04_095812_811_bcc33e7d.jsonl,1
2026-10-04T10:06:41.305+10:00,29.0,172.0,176.0,4.0,-24.900000000000002,-25.0,0.09999999999999787,168.4,7.59526387672139,3,626,516,DJI_0575.MP4,03:00.305,C:\Users\gildo\temp\vt 4.03\logs\cam3_full_2026-10-04_095812_811_bcc33e7d.jsonl,1
2026-10-04T10:06:43.367+10:00,29.0,173.9,177.6,3.7,-24.900000000000002,-25.0,0.09999999999999787,169.70000000000002,7.903322508445086,6,189,6,DJI_0575.MP4,03:02.367,C:\Users\gildo\temp\vt 4.03\logs\cam3_full_2026-10-04_095812_811_bcc33e7d.jsonl,1
2026-10-04T10:07:34.191+10:00,28.38,177.0,178.42,1.42,-24.900000000000002,-25.0,0.09999999999999787,174.5,3.915312744835404,413,9,413,DJI_0575.MP4,03:53.191,C:\Users\gildo\temp\vt 4.03\logs\cam3_full_2026-10-04_095812_811_bcc33e7d.jsonl,1
2026-10-04T10:10:03.230+10:00,27.02,-134.6,225.82,0.42,-33.1,-25.0,-8.100000000000001,227.1,-1.2810917047282828,3,44,516,DJI_0576.MP4,00:58.230,C:\Users\gildo\temp\vt 4.03\logs\cam3_full_2026-10-04_095812_811_bcc33e7d.jsonl,1
2026-10-04T10:12:01.247+10:00,28.08,142.9,146.59,3.69,-24.900000000000002,-25.0,0.09999999999999787,135.9,10.685555967529808,411,63,411,DJI_0576.MP4,02:56.247,C:\Users\gildo\temp\vt 4.03\logs\cam3_full_2026-10-04_095812_811_bcc33e7d.jsonl,1
2026-10-04T10:12:06.276+10:00,28.68,147.0,142.91,-4.09,-24.900000000000002,-25.0,0.09999999999999787,143.2,-0.290893529233216,310,90,310,DJI_0576.MP4,03:01.276,C:\Users\gildo\temp\vt 4.03\logs\cam3_full_2026-10-04_095812_811_bcc33e7d.jsonl,1
2026-10-04T10:12:11.210+10:00,28.95,146.6,142.33,-4.27,-24.900000000000002,-25.0,0.09999999999999787,134.1,8.230852052682422,107,25,107,DJI_0576.MP4,03:06.210,C:\Users\gildo\temp\vt 4.03\logs\cam3_full_2026-10-04_095812_811_bcc33e7d.jsonl,1
2026-10-04T10:12:15.735+10:00,27.4,148.8,149.72,0.92,-24.900000000000002,-25.0,0.09999999999999787,142.8,6.922336092832751,5,53,518,DJI_0576.MP4,03:10.735,C:\Users\gildo\temp\vt 4.03\logs\cam3_full_2026-10-04_095812_811_bcc33e7d.jsonl,1
2026-10-04T10:12:58.257+10:00,27.37,158.0,157.28,-0.72,-25.0,-25.0,0.0,155.7,1.5832328304653913,414,72,414,DJI_0576.MP4,03:53.257,C:\Users\gildo\temp\vt 4.03\logs\cam3_full_2026-10-04_095812_811_bcc33e7d.jsonl,1
2026-10-04T10:13:15.206+10:00,28.73,146.1,150.49,4.39,-20.200000000000003,-25.0,4.799999999999997,143.2,7.293595885273049,413,21,413,DJI_0576.MP4,04:10.206,C:\Users\gildo\temp\vt 4.03\logs\cam3_full_2026-10-04_095812_811_bcc33e7d.jsonl,1
2026-10-04T10:13:16.231+10:00,28.63,148.4,150.98,2.58,-23.200000000000003,-25.0,1.7999999999999972,142.9,8.084672283805276,414,34,414,DJI_0576.MP4,04:11.231,C:\Users\gildo\temp\vt 4.03\logs\cam3_full_2026-10-04_095812_811_bcc33e7d.jsonl,1
2026-10-04T10:13:19.207+10:00,27.37,153.2,157.31,4.11,-25.0,-25.0,0.0,146.9,10.412493013215197,307,15,307,DJI_0576.MP4,04:14.207,C:\Users\gildo\temp\vt 4.03\logs\cam3_full_2026-10-04_095812_811_bcc33e7d.jsonl,1
2026-10-04T10:13:23.223+10:00,27.16,154.2,149.75,-4.45,-25.0,-25.0,0.0,151.00000000000003,-1.251777134278484,207,37,207,DJI_0576.MP4,04:18.223,C:\Users\gildo\temp\vt 4.03\logs\cam3_full_2026-10-04_095812_811_bcc33e7d.jsonl,1
2026-10-04T10:13:28.278+10:00,27.24,153.2,150.36,-2.84,-24.900000000000002,-25.0,0.09999999999999787,150.60000000000002,-0.23973175074257824,106,86,106,DJI_0576.MP4,04:23.278,C:\Users\gildo\temp\vt 4.03\logs\cam3_full_2026-10-04_095812_811_bcc33e7d.jsonl,1
2026-10-04T10:13:29.309+10:00,27.69,152.7,147.98,-4.72,-25.0,-25.0,0.0,142.70000000000002,5.27663254107145,109,124,109,DJI_0576.MP4,04:24.309,C:\Users\gildo\temp\vt 4.03\logs\cam3_full_2026-10-04_095812_811_bcc33e7d.jsonl,1
2026-10-04T10:13:38.761+10:00,27.11,160.4,162.39,1.99,-25.0,-25.0,0.0,154.70000000000002,7.688168212837411,310,52,310,DJI_0576.MP4,04:33.761,C:\Users\gildo\temp\vt 4.03\logs\cam3_full_2026-10-04_095812_811_bcc33e7d.jsonl,1
2026-10-04T10:13:42.030+10:00,28.79,160.9,160.11,-0.79,-25.0,-25.0,0.0,155.5,4.609990223648879,3,345,512,DJI_0576.MP4,04:37.030,C:\Users\gildo\temp\vt 4.03\logs\cam3_full_2026-10-04_095812_811_bcc33e7d.jsonl,1
2026-10-04T10:13:42.645+10:00,28.9,161.1,159.43,-1.67,-24.900000000000002,-25.0,0.09999999999999787,158.10000000000002,1.3298614497921335,105,459,105,DJI_0576.MP4,04:37.645,C:\Users\gildo\temp\vt 4.03\logs\cam3_full_2026-10-04_095812_811_bcc33e7d.jsonl,1
2026-10-04T10:13:48.710+10:00,28.99,162.9,165.31,2.41,-24.900000000000002,-25.0,0.09999999999999787,159.6,5.705449599094692,4,527,519,DJI_0576.MP4,04:43.710,C:\Users\gildo\temp\vt 4.03\logs\cam3_full_2026-10-04_095812_811_bcc33e7d.jsonl,1
2026-10-04T10:15:23.192+10:00,28.81,179.5,175.34,-4.16,-24.900000000000002,-25.0,0.09999999999999787,179.5,-4.163924362277868,309,4,309,DJI_0577.MP4,00:55.192,C:\Users\gildo\temp\vt 4.03\logs\cam3_full_2026-10-04_095812_811_bcc33e7d.jsonl,1
2026-10-04T10:15:24.729+10:00,27.56,178.3,174.67,-3.63,-25.0,-25.0,0.0,178.0,-3.327914172601396,308,44,308,DJI_0577.MP4,00:56.729,C:\Users\gildo\temp\vt 4.03\logs\cam3_full_2026-10-04_095812_811_bcc33e7d.jsonl,1
2026-10-04T10:15:26.991+10:00,27.64,176.8,172.48,-4.32,-25.0,-25.0,0.0,176.60000000000002,-4.120361632334806,5,806,517,DJI_0577.MP4,00:58.991,C:\Users\gildo\temp\vt 4.03\logs\cam3_full_2026-10-04_095812_811_bcc33e7d.jsonl,1
2026-10-04T10:15:32.233+10:00,27.45,174.8,179.35,4.55,-24.900000000000002,-25.0,0.09999999999999787,172.0,7.346436624158599,107,549,107,DJI_0577.MP4,01:04.233,C:\Users\gildo\temp\vt 4.03\logs\cam3_full_2026-10-04_095812_811_bcc33e7d.jsonl,1
2026-10-04T10:15:33.672+10:00,27.41,177.7,182.2,4.5,-25.0,-25.0,0.0,173.50000000000003,8.698845619463185,3,489,3,DJI_0577.MP4,01:05.672,C:\Users\gildo\temp\vt 4.03\logs\cam3_full_2026-10-04_095812_811_bcc33e7d.jsonl,1
2026-10-04T10:15:39.237+10:00,28.4,179.8,180.62,0.82,-24.900000000000002,-25.0,0.09999999999999787,177.5,3.1224999230254866,412,54,412,DJI_0577.MP4,01:11.237,C:\Users\gildo\temp\vt 4.03\logs\cam3_full_2026-10-04_095812_811_bcc33e7d.jsonl,1
2026-10-04T10:15:48.268+10:00,28.41,179.7,180.75,1.05,-24.900000000000002,-25.0,0.09999999999999787,177.60000000000002,3.1506649547295638,207,84,207,DJI_0577.MP4,01:20.268,C:\Users\gildo\temp\vt 4.03\logs\cam3_full_2026-10-04_095812_811_bcc33e7d.jsonl,1
2026-10-04T10:16:31.724+10:00,27.67,126.1,122.46,-3.64,-24.900000000000002,-25.0,0.09999999999999787,124.7,-2.2429792999959375,3,40,517,DJI_0577.MP4,02:03.724,C:\Users\gildo\temp\vt 4.03\logs\cam3_full_2026-10-04_095812_811_bcc33e7d.jsonl,1
2026-10-04T10:16:36.244+10:00,27.65,125.1,122.09,-3.01,-24.900000000000002,-25.0,0.09999999999999787,121.00000000000001,1.0879848305424389,410,53,410,DJI_0577.MP4,02:08.244,C:\Users\gildo\temp\vt 4.03\logs\cam3_full_2026-10-04_095812_811_bcc33e7d.jsonl,1
2026-10-04T10:16:39.734+10:00,28.43,124.0,120.92,-3.08,-25.0,-25.0,0.0,119.9,1.0194178924609218,311,49,311,DJI_0577.MP4,02:11.734,C:\Users\gildo\temp\vt 4.03\logs\cam3_full_2026-10-04_095812_811_bcc33e7d.jsonl,1
2026-10-04T10:16:44.244+10:00,28.4,122.8,120.96,-1.84,-25.0,-25.0,0.0,118.80000000000001,2.1640236933828305,206,56,206,DJI_0577.MP4,02:16.244,C:\Users\gildo\temp\vt 4.03\logs\cam3_full_2026-10-04_095812_811_bcc33e7d.jsonl,1
