timestamp,epoch_ms,session,mode,mp4,offset,shore_kmh,accel_mps2,closing_mps,direct_m,projected_m,gps_age_ms,retreat_active,phase,source,retreat_timestamp,retreat_delta_s
2026-10-04T08:47:18.152+10:00,1791067638152,1,front,DJI_0560.MP4,04:56.152,7.07,1.9,2.22,25.99,25.897651796494056,8,False,APPROACHING,C:\Users\gildo\temp\vt 4.03\logs\cam3_full_2026-10-04_083821_554_1a3054b0.jsonl,,
2026-10-04T08:48:52.674+10:00,1791067732674,1,front,DJI_0561.MP4,01:07.674,3.65,0.03,1.5,35.17,34.99530689963024,10,False,APPROACHING,C:\Users\gildo\temp\vt 4.03\logs\cam3_full_2026-10-04_083821_554_1a3054b0.jsonl,,
2026-10-04T08:48:59.668+10:00,1791067739668,1,front,DJI_0561.MP4,01:14.668,10.71,1.96,4.92,29.81,29.616210052795328,21,False,APPROACHING,C:\Users\gildo\temp\vt 4.03\logs\cam3_full_2026-10-04_083821_554_1a3054b0.jsonl,,
2026-10-04T08:53:13.698+10:00,1791067993698,1,front,DJI_0562.MP4,00:05.698,3.65,0.06,0.9,28.78,27.965594473633224,26,False,APPROACHING,C:\Users\gildo\temp\vt 4.03\logs\cam3_full_2026-10-04_083821_554_1a3054b0.jsonl,,
2026-10-04T08:54:35.683+10:00,1791068075683,1,front,DJI_0562.MP4,01:27.683,7.07,1.96,1.83,26.96,26.947650154102895,32,False,HOLDING,C:\Users\gildo\temp\vt 4.03\logs\cam3_full_2026-10-04_083821_554_1a3054b0.jsonl,,
2026-10-04T08:56:35.219+10:00,1791068195219,1,front,DJI_0562.MP4,03:27.219,21.32,3.93,5.62,18.39,17.968482467918662,69,False,WAITING,C:\Users\gildo\temp\vt 4.03\logs\cam3_full_2026-10-04_083821_554_1a3054b0.jsonl,2026-10-04T08:56:35.729+10:00,0.51
2026-10-04T08:59:26.740+10:00,1791068366740,1,front,DJI_0563.MP4,00:54.740,6.96,0.0,1.67,23.58,23.129256739600198,88,False,APPROACHING,C:\Users\gildo\temp\vt 4.03\logs\cam3_full_2026-10-04_083821_554_1a3054b0.jsonl,,
2026-10-04T09:01:40.669+10:00,1791068500669,1,front,DJI_0563.MP4,03:08.669,7.07,1.9,2.12,25.65,25.642581735930364,2,False,HOLDING,C:\Users\gildo\temp\vt 4.03\logs\cam3_full_2026-10-04_083821_554_1a3054b0.jsonl,,
2026-10-04T09:03:06.702+10:00,1791068586702,1,front,DJI_0563.MP4,04:34.702,7.07,1.01,1.45,108.07,99.4608903541788,49,False,RETURNING,C:\Users\gildo\temp\vt 4.03\logs\cam3_full_2026-10-04_083821_554_1a3054b0.jsonl,,
2026-10-04T09:07:31.176+10:00,1791068851176,1,front,DJI_0564.MP4,03:36.176,10.6,3.87,3.17,20.03,20.0150729546656,21,False,HOLDING,C:\Users\gildo\temp\vt 4.03\logs\cam3_full_2026-10-04_083821_554_1a3054b0.jsonl,2026-10-04T09:07:32.718+10:00,1.542
2026-10-04T09:08:53.207+10:00,1791068933207,1,front,DJI_0564.MP4,04:58.207,7.07,1.96,1.92,21.02,20.873569630115256,50,False,HOLDING,C:\Users\gildo\temp\vt 4.03\logs\cam3_full_2026-10-04_083821_554_1a3054b0.jsonl,,
2026-10-04T09:09:31.703+10:00,1791068971703,1,front,DJI_0565.MP4,00:13.703,4.79,0.7,1.28,26.06,25.799600399446135,47,False,APPROACHING,C:\Users\gildo\temp\vt 4.03\logs\cam3_full_2026-10-04_083821_554_1a3054b0.jsonl,,
2026-10-04T09:10:42.725+10:00,1791069042725,1,front,DJI_0565.MP4,01:24.725,10.6,3.93,2.9,20.15,19.944821633058552,69,False,HOLDING,C:\Users\gildo\temp\vt 4.03\logs\cam3_full_2026-10-04_083821_554_1a3054b0.jsonl,2026-10-04T09:10:43.552+10:00,0.827
2026-10-04T09:25:38.256+10:00,1791069938256,1,front,DJI_0567.MP4,00:11.256,10.71,0.0,2.93,18.44,18.434205224711917,94,False,HOLDING,C:\Users\gildo\temp\vt 4.03\logs\cam3_full_2026-10-04_091937_120_b916420d.jsonl,2026-10-04T09:25:38.772+10:00,0.516
2026-10-04T09:28:26.683+10:00,1791070106683,1,front,DJI_0567.MP4,02:59.683,7.18,0.03,2.13,29.26,29.23524946484661,20,False,HOLDING,C:\Users\gildo\temp\vt 4.03\logs\cam3_full_2026-10-04_091937_120_b916420d.jsonl,,
2026-10-04T09:30:04.754+10:00,1791070204754,1,front,DJI_0567.MP4,04:37.754,6.96,1.9,2.0,21.87,21.822849286375504,90,False,HOLDING,C:\Users\gildo\temp\vt 4.03\logs\cam3_full_2026-10-04_091937_120_b916420d.jsonl,2026-10-04T09:30:12.258+10:00,7.504
2026-10-04T09:30:20.690+10:00,1791070220690,1,front,DJI_0567.MP4,04:53.690,5.25,0.34,1.43,23.35,23.324928790897257,25,False,HOLDING,C:\Users\gildo\temp\vt 4.03\logs\cam3_full_2026-10-04_091937_120_b916420d.jsonl,2026-10-04T09:30:12.258+10:00,-8.432
2026-10-04T09:30:31.680+10:00,1791070231680,1,front,DJI_0567.MP4,05:04.680,14.36,1.96,3.95,14.65,14.290716200429213,15,True,WAITING,C:\Users\gildo\temp\vt 4.03\logs\cam3_full_2026-10-04_091937_120_b916420d.jsonl,2026-10-04T09:30:31.168+10:00,-0.512
2026-10-04T09:31:34.750+10:00,1791070294750,1,front,DJI_0568.MP4,00:44.750,7.18,1.96,2.16,29.21,29.18241160572727,84,False,APPROACHING,C:\Users\gildo\temp\vt 4.03\logs\cam3_full_2026-10-04_091937_120_b916420d.jsonl,,
2026-10-04T09:32:25.236+10:00,1791070345236,1,front,DJI_0568.MP4,01:35.236,10.71,2.03,2.85,27.27,27.222794185209978,71,False,HOLDING,C:\Users\gildo\temp\vt 4.03\logs\cam3_full_2026-10-04_091937_120_b916420d.jsonl,,
2026-10-04T09:34:05.176+10:00,1791070445176,1,front,DJI_0568.MP4,03:15.176,8.89,0.97,2.68,21.98,21.957744882017643,6,False,HOLDING,C:\Users\gildo\temp\vt 4.03\logs\cam3_full_2026-10-04_091937_120_b916420d.jsonl,2026-10-04T09:34:07.232+10:00,2.056
2026-10-04T09:34:50.184+10:00,1791070490184,1,front,DJI_0568.MP4,04:00.184,3.53,0.95,1.06,26.79,26.782953005405712,16,False,HOLDING,C:\Users\gildo\temp\vt 4.03\logs\cam3_full_2026-10-04_091937_120_b916420d.jsonl,,
2026-10-04T09:36:44.196+10:00,1791070604196,1,front,DJI_0569.MP4,00:30.196,7.18,1.33,1.76,107.85,107.03160016936353,26,False,RETURNING,C:\Users\gildo\temp\vt 4.03\logs\cam3_full_2026-10-04_091937_120_b916420d.jsonl,,
2026-10-04T09:37:03.729+10:00,1791070623729,1,front,DJI_0569.MP4,00:49.729,7.07,1.9,4.41,36.78,36.30006780352664,34,False,APPROACHING,C:\Users\gildo\temp\vt 4.03\logs\cam3_full_2026-10-04_091937_120_b916420d.jsonl,,
2026-10-04T09:37:26.239+10:00,1791070646239,1,front,DJI_0569.MP4,01:12.239,4.71,0.59,1.3,29.04,28.981397981894343,65,False,APPROACHING,C:\Users\gildo\temp\vt 4.03\logs\cam3_full_2026-10-04_091937_120_b916420d.jsonl,,
2026-10-04T09:37:39.186+10:00,1791070659186,1,front,DJI_0569.MP4,01:25.186,4.79,0.7,1.31,29.2,28.938731347767842,16,False,APPROACHING,C:\Users\gildo\temp\vt 4.03\logs\cam3_full_2026-10-04_091937_120_b916420d.jsonl,,
2026-10-04T09:37:49.759+10:00,1791070669759,1,front,DJI_0569.MP4,01:35.759,10.71,2.03,2.77,27.37,27.0946477323072,88,False,APPROACHING,C:\Users\gildo\temp\vt 4.03\logs\cam3_full_2026-10-04_091937_120_b916420d.jsonl,,
2026-10-04T09:38:24.717+10:00,1791070704717,1,front,DJI_0569.MP4,02:10.717,7.18,1.04,2.14,23.98,23.87895897993738,46,False,HOLDING,C:\Users\gildo\temp\vt 4.03\logs\cam3_full_2026-10-04_091937_120_b916420d.jsonl,2026-10-04T09:38:26.768+10:00,2.051
2026-10-04T09:39:31.185+10:00,1791070771185,1,front,DJI_0569.MP4,03:17.185,7.07,0.06,2.79,29.39,29.31988011774716,13,False,APPROACHING,C:\Users\gildo\temp\vt 4.03\logs\cam3_full_2026-10-04_091937_120_b916420d.jsonl,,
2026-10-04T09:40:06.738+10:00,1791070806738,1,front,DJI_0569.MP4,03:52.738,3.53,0.61,0.96,31.13,31.12009029563836,69,False,HOLDING,C:\Users\gildo\temp\vt 4.03\logs\cam3_full_2026-10-04_091937_120_b916420d.jsonl,,
2026-10-04T09:41:29.195+10:00,1791070889195,1,front,DJI_0569.MP4,05:15.195,6.96,0.0,1.84,30.01,29.550883934650514,23,False,APPROACHING,C:\Users\gildo\temp\vt 4.03\logs\cam3_full_2026-10-04_091937_120_b916420d.jsonl,,
2026-10-04T09:42:52.267+10:00,1791070972267,1,front,DJI_0570.MP4,01:15.267,3.53,0.06,0.95,22.12,21.994001915626217,98,False,HOLDING,C:\Users\gildo\temp\vt 4.03\logs\cam3_full_2026-10-04_091937_120_b916420d.jsonl,2026-10-04T09:43:04.277+10:00,12.01
2026-10-04T09:43:15.771+10:00,1791070995771,1,front,DJI_0570.MP4,01:38.771,7.07,1.96,1.9,21.91,21.83925357430222,96,False,HOLDING,C:\Users\gildo\temp\vt 4.03\logs\cam3_full_2026-10-04_091937_120_b916420d.jsonl,2026-10-04T09:43:18.239+10:00,2.468
2026-10-04T09:45:57.679+10:00,1791071157679,1,front,DJI_0570.MP4,04:20.679,7.14,0.65,2.03,20.06,19.958526948156525,3,False,HOLDING,C:\Users\gildo\temp\vt 4.03\logs\cam3_full_2026-10-04_091937_120_b916420d.jsonl,,
2026-10-04T09:47:01.748+10:00,1791071221748,1,front,DJI_0571.MP4,00:01.748,3.53,0.03,0.97,27.43,27.2762595567145,77,False,APPROACHING,C:\Users\gildo\temp\vt 4.03\logs\cam3_full_2026-10-04_091937_120_b916420d.jsonl,,
2026-10-04T09:47:18.783+10:00,1791071238783,1,front,DJI_0571.MP4,00:18.783,7.07,0.06,1.94,26.37,26.35353405501706,84,False,HOLDING,C:\Users\gildo\temp\vt 4.03\logs\cam3_full_2026-10-04_091937_120_b916420d.jsonl,,
2026-10-04T09:48:23.255+10:00,1791071303255,1,front,DJI_0571.MP4,01:23.255,17.78,1.96,3.3,9.34,9.032660775113898,79,True,WAITING,C:\Users\gildo\temp\vt 4.03\logs\cam3_full_2026-10-04_091937_120_b916420d.jsonl,2026-10-04T09:48:21.713+10:00,-1.542
2026-10-04T09:49:20.184+10:00,1791071360184,1,front,DJI_0571.MP4,02:20.184,7.18,0.02,1.96,27.7,27.096496654333247,9,False,APPROACHING,C:\Users\gildo\temp\vt 4.03\logs\cam3_full_2026-10-04_091937_120_b916420d.jsonl,,
2026-10-04T10:04:04.196+10:00,1791072244196,1,sideways,DJI_0575.MP4,00:23.196,7.14,0.04,0.74,32.62,32.610891818079125,15,False,APPROACHING,C:\Users\gildo\temp\vt 4.03\logs\cam3_full_2026-10-04_095812_811_bcc33e7d.jsonl,,
2026-10-04T10:08:37.243+10:00,1791072517243,1,sideways,DJI_0575.MP4,04:56.243,3.53,0.06,0.05,18.48,18.47612111135365,62,False,HOLDING,C:\Users\gildo\temp\vt 4.03\logs\cam3_full_2026-10-04_095812_811_bcc33e7d.jsonl,2026-10-04T10:08:38.779+10:00,1.536
2026-10-04T10:09:22.758+10:00,1791072562758,1,sideways,DJI_0576.MP4,00:17.758,4.64,0.68,0.99,18.59,18.213413411720563,74,False,WAITING,C:\Users\gildo\temp\vt 4.03\logs\cam3_full_2026-10-04_095812_811_bcc33e7d.jsonl,2026-10-04T10:09:23.784+10:00,1.026
2026-10-04T10:15:45.196+10:00,1791072945196,1,sideways,DJI_0577.MP4,01:17.196,7.07,1.31,0.05,29.54,29.51250133595897,9,False,HOLDING,C:\Users\gildo\temp\vt 4.03\logs\cam3_full_2026-10-04_095812_811_bcc33e7d.jsonl,,
