log,warning_time,warning_epoch,confirmation_time,distance_m,speed_kmh,shoreward_kmh,phase,retreat_already_active,qualifying_samples,end_reason,ride_start_within_window,next_actual_retreat,potential_lead_s
C:\Users\gildo\temp\vt 4.03\logs\cam3_full_2026-10-04_083821_554_1a3054b0.jsonl,2026-10-04T08:46:24.160+10:00,1791067584160,,29.85331860477065,16.959,16.953,APPROACHING,False,2,below_threshold,,,
C:\Users\gildo\temp\vt 4.03\logs\cam3_full_2026-10-04_083821_554_1a3054b0.jsonl,2026-10-04T08:48:14.721+10:00,1791067694721,,29.16661827570466,15.81,13.539,APPROACHING,False,1,below_threshold,,,
C:\Users\gildo\temp\vt 4.03\logs\cam3_full_2026-10-04_083821_554_1a3054b0.jsonl,2026-10-04T08:48:59.668+10:00,1791067739668,,29.809163308533293,13.786,13.78,APPROACHING,False,1,below_threshold,,,
C:\Users\gildo\temp\vt 4.03\logs\cam3_full_2026-10-04_083821_554_1a3054b0.jsonl,2026-10-04T08:49:30.727+10:00,1791067770727,,24.28400568021206,13.786,13.78,APPROACHING,False,1,below_threshold,,2026-10-04T08:49:37.213+10:00,6.486
C:\Users\gildo\temp\vt 4.03\logs\cam3_full_2026-10-04_083821_554_1a3054b0.jsonl,2026-10-04T08:49:36.183+10:00,1791067776183,,19.401489522836986,13.732,13.727,HOLDING,False,1,below_threshold,,2026-10-04T08:49:37.213+10:00,1.03
C:\Users\gildo\temp\vt 4.03\logs\cam3_full_2026-10-04_083821_554_1a3054b0.jsonl,2026-10-04T08:50:20.193+10:00,1791067820193,,58.24805650664491,13.732,13.727,RETURNING,False,1,below_threshold,,,
C:\Users\gildo\temp\vt 4.03\logs\cam3_full_2026-10-04_083821_554_1a3054b0.jsonl,2026-10-04T08:51:56.199+10:00,1791067916199,,29.81146078994926,15.779,13.512,HOLDING,False,2,packet_gap,2026-10-04T08:52:04.224+10:00,2026-10-04T08:52:03.190+10:00,6.991
C:\Users\gildo\temp\vt 4.03\logs\cam3_full_2026-10-04_083821_554_1a3054b0.jsonl,2026-10-04T08:52:03.708+10:00,1791067923708,,17.56871089752775,21.973,20.764,WAITING,True,1,below_threshold,2026-10-04T08:52:04.224+10:00,,
C:\Users\gildo\temp\vt 4.03\logs\cam3_full_2026-10-04_083821_554_1a3054b0.jsonl,2026-10-04T08:56:34.702+10:00,1791068194702,,21.371558623117263,22.232,21.009,APPROACHING,False,2,packet_gap,2026-10-04T08:56:35.219+10:00,2026-10-04T08:56:35.729+10:00,1.027
C:\Users\gildo\temp\vt 4.03\logs\cam3_full_2026-10-04_083821_554_1a3054b0.jsonl,2026-10-04T09:02:42.263+10:00,1791068562263,,24.140367109780254,15.718,13.46,RETURNING,False,1,below_threshold,,,
C:\Users\gildo\temp\vt 4.03\logs\cam3_full_2026-10-04_083821_554_1a3054b0.jsonl,2026-10-04T09:02:43.186+10:00,1791068563186,,24.358847344816603,22.059,20.845,RETURNING,False,1,below_threshold,,,
C:\Users\gildo\temp\vt 4.03\logs\cam3_full_2026-10-04_083821_554_1a3054b0.jsonl,2026-10-04T09:02:44.205+10:00,1791068564205,,26.507061811564633,13.894,13.889,RETURNING,False,1,below_threshold,,,
C:\Users\gildo\temp\vt 4.03\logs\cam3_full_2026-10-04_083821_554_1a3054b0.jsonl,2026-10-04T09:03:15.229+10:00,1791068595229,,78.56335394796032,13.705,13.7,APPROACHING,False,1,below_threshold,,,
C:\Users\gildo\temp\vt 4.03\logs\cam3_full_2026-10-04_083821_554_1a3054b0.jsonl,2026-10-04T09:07:31.176+10:00,1791068851176,,20.026140005409587,13.867,13.861,HOLDING,False,1,below_threshold,,2026-10-04T09:07:32.718+10:00,1.542
C:\Users\gildo\temp\vt 4.03\logs\cam3_full_2026-10-04_083821_554_1a3054b0.jsonl,2026-10-04T09:10:31.247+10:00,1791069031247,,25.80934161566186,13.732,13.727,APPROACHING,False,1,below_threshold,2026-10-04T09:10:43.760+10:00,2026-10-04T09:10:43.552+10:00,12.305
C:\Users\gildo\temp\vt 4.03\logs\cam3_full_2026-10-04_083821_554_1a3054b0.jsonl,2026-10-04T09:10:42.725+10:00,1791069042725,,20.150787946114555,13.759,13.753,HOLDING,False,3,inactive,2026-10-04T09:10:43.760+10:00,2026-10-04T09:10:43.552+10:00,0.827
C:\Users\gildo\temp\vt 4.03\logs\cam3_full_2026-10-04_091937_120_b916420d.jsonl,2026-10-04T09:23:51.187+10:00,1791069831187,,31.310291069125025,15.81,13.968,APPROACHING,False,1,below_threshold,,,
C:\Users\gildo\temp\vt 4.03\logs\cam3_full_2026-10-04_091937_120_b916420d.jsonl,2026-10-04T09:25:37.745+10:00,1791069937745,,19.426663901393002,15.718,13.887,HOLDING,False,1,below_threshold,,2026-10-04T09:25:38.772+10:00,1.027
C:\Users\gildo\temp\vt 4.03\logs\cam3_full_2026-10-04_091937_120_b916420d.jsonl,2026-10-04T09:26:10.228+10:00,1791069970228,,21.897820086986567,13.84,13.834,HOLDING,False,1,below_threshold,,,
C:\Users\gildo\temp\vt 4.03\logs\cam3_full_2026-10-04_091937_120_b916420d.jsonl,2026-10-04T09:30:31.170+10:00,1791070231170,,17.40592843867689,14.477,11.792,WAITING,True,3,packet_gap,2026-10-04T09:30:32.196+10:00,2026-10-04T09:30:37.751+10:00,6.581
C:\Users\gildo\temp\vt 4.03\logs\cam3_full_2026-10-04_091937_120_b916420d.jsonl,2026-10-04T09:32:25.236+10:00,1791070345236,,27.2714439906341,15.779,13.941,HOLDING,False,2,below_threshold,,,
C:\Users\gildo\temp\vt 4.03\logs\cam3_full_2026-10-04_091937_120_b916420d.jsonl,2026-10-04T09:32:27.191+10:00,1791070347191,,21.616471124955872,12.271,11.596,APPROACHING,False,1,below_threshold,,,
C:\Users\gildo\temp\vt 4.03\logs\cam3_full_2026-10-04_091937_120_b916420d.jsonl,2026-10-04T09:34:05.176+10:00,1791070445176,,21.976381028190936,17.291,17.284,HOLDING,False,3,below_threshold,,2026-10-04T09:34:07.232+10:00,2.056
C:\Users\gildo\temp\vt 4.03\logs\cam3_full_2026-10-04_091937_120_b916420d.jsonl,2026-10-04T09:36:32.182+10:00,1791070592182,,96.19983116245618,17.165,17.159,RETURNING,False,1,below_threshold,,,
C:\Users\gildo\temp\vt 4.03\logs\cam3_full_2026-10-04_091937_120_b916420d.jsonl,2026-10-04T09:37:49.759+10:00,1791070669759,,27.36766215286822,15.658,13.834,APPROACHING,False,2,below_threshold,,,
C:\Users\gildo\temp\vt 4.03\logs\cam3_full_2026-10-04_091937_120_b916420d.jsonl,2026-10-04T09:38:25.742+10:00,1791070705742,,21.188524546023938,15.872,14.023,APPROACHING,False,2,packet_gap,2026-10-04T09:38:26.256+10:00,2026-10-04T09:38:26.768+10:00,1.026
C:\Users\gildo\temp\vt 4.03\logs\cam3_full_2026-10-04_091937_120_b916420d.jsonl,2026-10-04T09:43:17.207+10:00,1791070997207,,18.996459411299526,13.732,13.727,HOLDING,False,1,below_threshold,,2026-10-04T09:43:18.239+10:00,1.032
C:\Users\gildo\temp\vt 4.03\logs\cam3_full_2026-10-04_091937_120_b916420d.jsonl,2026-10-04T09:43:18.241+10:00,1791070998241,,16.110809157220338,13.652,13.647,WAITING,True,2,below_threshold,,,
C:\Users\gildo\temp\vt 4.03\logs\cam3_full_2026-10-04_091937_120_b916420d.jsonl,2026-10-04T09:48:08.771+10:00,1791071288771,,23.949886113925483,13.813,13.807,HOLDING,False,1,below_threshold,2026-10-04T09:48:23.255+10:00,2026-10-04T09:48:21.713+10:00,12.942
C:\Users\gildo\temp\vt 4.03\logs\cam3_full_2026-10-04_091937_120_b916420d.jsonl,2026-10-04T09:48:21.714+10:00,1791071301714,,14.67073910626937,13.745,13.74,WAITING,True,4,packet_gap,2026-10-04T09:48:23.255+10:00,,
C:\Users\gildo\temp\vt 4.03\logs\cam3_full_2026-10-04_095812_811_bcc33e7d.jsonl,2026-10-04T10:04:55.776+10:00,1791072295776,,118.89676459934176,13.732,13.727,RETURNING,False,1,below_threshold,,,
C:\Users\gildo\temp\vt 4.03\logs\cam3_full_2026-10-04_095812_811_bcc33e7d.jsonl,2026-10-04T10:07:08.254+10:00,1791072428254,,33.35472996459157,13.705,13.7,APPROACHING,False,1,below_threshold,,,
C:\Users\gildo\temp\vt 4.03\logs\cam3_full_2026-10-04_095812_811_bcc33e7d.jsonl,2026-10-04T10:11:07.751+10:00,1791072667751,,26.668981370923607,22.059,20.845,RETURNING,False,2,packet_gap,2026-10-04T10:11:08.262+10:00,,
C:\Users\gildo\temp\vt 4.03\logs\cam3_full_2026-10-04_095812_811_bcc33e7d.jsonl,2026-10-04T10:13:57.233+10:00,1791072837233,,31.127490066295422,13.786,13.78,APPROACHING,False,1,below_threshold,,,
C:\Users\gildo\temp\vt 4.03\logs\cam3_full_2026-10-04_095812_811_bcc33e7d.jsonl,2026-10-04T10:15:55.760+10:00,1791072955760,,25.036363119794476,13.813,13.807,HOLDING,False,1,packet_gap,,,
C:\Users\gildo\temp\vt 4.03\logs\cam3_full_2026-10-04_095812_811_bcc33e7d.jsonl,2026-10-04T10:16:02.224+10:00,1791072962224,,48.50906564782742,16.358,12.998,APPROACHING,False,1,packet_gap,,,
