start,qualified,qualified_epoch_ms,end,duration_s,minimum_shore_kmh,maximum_shore_kmh,direct_separation_m,qualification_cycle_id,mode,mp4,offset,source,session,actual_gimbal_pitch_deg,gimbal_age_ms,closest_retreat_timestamp,retreat_direct_m,retreat_delta_s,retreat_mp4,retreat_offset
2026-10-04T08:46:21.737+10:00,2026-10-04T08:46:23.743+10:00,1791067583743,2026-10-04T08:46:26.150+10:00,4.5,7.07,14.25,31.755561540282983,4587,front,DJI_0560.MP4,04:01.743,C:\Users\gildo\temp\vt 4.03\logs\cam3_full_2026-10-04_083821_554_1a3054b0.jsonl,1,-18.900000000000002,5,,,,-,-
2026-10-04T08:47:17.228+10:00,2026-10-04T08:47:19.185+10:00,1791067639185,2026-10-04T08:47:19.698+10:00,2.5,6.85,7.07,23.853079076908823,5121,front,DJI_0560.MP4,04:57.185,C:\Users\gildo\temp\vt 4.03\logs\cam3_full_2026-10-04_083821_554_1a3054b0.jsonl,1,-24.900000000000002,416,,,,-,-
2026-10-04T08:48:58.229+10:00,2026-10-04T08:49:00.183+10:00,1791067740183,2026-10-04T08:49:00.696+10:00,2.5,7.07,14.14,27.89843158133764,6103,front,DJI_0561.MP4,01:15.183,C:\Users\gildo\temp\vt 4.03\logs\cam3_full_2026-10-04_083821_554_1a3054b0.jsonl,1,-19.8,107,,,,-,-
2026-10-04T08:49:35.155+10:00,2026-10-04T08:49:37.213+10:00,1791067777213,2026-10-04T08:49:37.723+10:00,2.5,7.07,14.14,17.462291929363367,6463,front,DJI_0561.MP4,01:52.213,C:\Users\gildo\temp\vt 4.03\logs\cam3_full_2026-10-04_083821_554_1a3054b0.jsonl,1,-28.900000000000002,106,2026-10-04T08:49:37.213+10:00,17.462291929363367,0.0,DJI_0561.MP4,01:52.213
2026-10-04T08:56:32.755+10:00,2026-10-04T08:56:34.702+10:00,1791068194702,2026-10-04T08:56:43.237+10:00,10.5,6.63,28.28,21.371558623117263,10525,front,DJI_0562.MP4,03:26.702,C:\Users\gildo\temp\vt 4.03\logs\cam3_full_2026-10-04_083821_554_1a3054b0.jsonl,1,-25.0,307,,,,-,-
2026-10-04T08:59:45.231+10:00,2026-10-04T08:59:47.693+10:00,1791068387693,2026-10-04T08:59:47.693+10:00,2.5,5.36,7.07,19.250126999645225,12404,front,DJI_0563.MP4,01:15.693,C:\Users\gildo\temp\vt 4.03\logs\cam3_full_2026-10-04_083821_554_1a3054b0.jsonl,1,-25.0,206,2026-10-04T09:00:03.714+10:00,17.244476255584757,16.021,DJI_0563.MP4,01:31.714
2026-10-04T09:01:09.744+10:00,2026-10-04T09:01:11.694+10:00,1791068471694,2026-10-04T09:01:11.694+10:00,2.0,7.07,7.07,20.724525606200206,13222,front,DJI_0563.MP4,02:39.694,C:\Users\gildo\temp\vt 4.03\logs\cam3_full_2026-10-04_083821_554_1a3054b0.jsonl,1,-24.900000000000002,3,,,,-,-
2026-10-04T09:02:41.233+10:00,2026-10-04T09:02:43.186+10:00,1791068563186,2026-10-04T09:02:43.186+10:00,2.0,6.85,21.43,24.358847344816603,14113,front,DJI_0563.MP4,04:11.186,C:\Users\gildo\temp\vt 4.03\logs\cam3_full_2026-10-04_083821_554_1a3054b0.jsonl,1,-28.3,107,,,,-,-
2026-10-04T09:05:11.742+10:00,2026-10-04T09:05:13.697+10:00,1791068713697,2026-10-04T09:05:14.210+10:00,2.5,7.07,7.07,24.915075811077156,15579,front,DJI_0564.MP4,01:18.697,C:\Users\gildo\temp\vt 4.03\logs\cam3_full_2026-10-04_083821_554_1a3054b0.jsonl,1,-24.900000000000002,209,,,,-,-
2026-10-04T09:06:50.740+10:00,2026-10-04T09:06:52.693+10:00,1791068812693,2026-10-04T09:06:54.230+10:00,3.5,4.71,7.07,22.99943213064189,16543,front,DJI_0564.MP4,02:57.693,C:\Users\gildo\temp\vt 4.03\logs\cam3_full_2026-10-04_083821_554_1a3054b0.jsonl,1,-25.0,105,,,,-,-
2026-10-04T09:07:30.256+10:00,2026-10-04T09:07:32.203+10:00,1791068852203,2026-10-04T09:07:33.744+10:00,3.5,7.07,14.14,18.063019460177397,16928,front,DJI_0564.MP4,03:37.203,C:\Users\gildo\temp\vt 4.03\logs\cam3_full_2026-10-04_083821_554_1a3054b0.jsonl,1,-26.400000000000002,106,2026-10-04T09:07:32.718+10:00,17.072831854764228,0.515,DJI_0564.MP4,03:37.718
2026-10-04T09:10:17.165+10:00,2026-10-04T09:10:19.215+10:00,1791069019215,2026-10-04T09:10:19.215+10:00,2.0,4.71,7.07,24.77001428133718,18555,front,DJI_0565.MP4,01:01.215,C:\Users\gildo\temp\vt 4.03\logs\cam3_full_2026-10-04_083821_554_1a3054b0.jsonl,1,-24.900000000000002,309,,,,-,-
2026-10-04T09:10:41.698+10:00,2026-10-04T09:10:43.760+10:00,1791069043760,2026-10-04T09:10:46.739+10:00,5.0,7.07,21.65,15.07007600813172,18794,front,DJI_0565.MP4,01:25.760,C:\Users\gildo\temp\vt 4.03\logs\cam3_full_2026-10-04_083821_554_1a3054b0.jsonl,1,-25.6,215,2026-10-04T09:10:43.552+10:00,17.987727222784695,-0.208,DJI_0565.MP4,01:25.552
2026-10-04T09:25:36.717+10:00,2026-10-04T09:25:38.774+10:00,1791069938774,2026-10-04T09:25:38.774+10:00,2.0,7.07,14.36,17.434079088664813,3511,front,DJI_0567.MP4,00:11.774,C:\Users\gildo\temp\vt 4.03\logs\cam3_full_2026-10-04_091937_120_b916420d.jsonl,1,-29.0,109,2026-10-04T09:25:38.772+10:00,17.434079088664813,-0.002,DJI_0567.MP4,00:11.772
2026-10-04T09:25:57.175+10:00,2026-10-04T09:25:59.235+10:00,1791069959235,2026-10-04T09:26:00.263+10:00,3.0,7.07,7.29,21.05492377713929,3710,front,DJI_0567.MP4,00:32.235,C:\Users\gildo\temp\vt 4.03\logs\cam3_full_2026-10-04_091937_120_b916420d.jsonl,1,-24.900000000000002,517,,,,-,-
2026-10-04T09:26:45.187+10:00,2026-10-04T09:26:47.251+10:00,1791070007251,2026-10-04T09:26:47.767+10:00,2.5,5.3,7.07,26.822024772370774,4177,front,DJI_0567.MP4,01:20.251,C:\Users\gildo\temp\vt 4.03\logs\cam3_full_2026-10-04_091937_120_b916420d.jsonl,1,-25.0,210,,,,-,-
2026-10-04T09:27:16.672+10:00,2026-10-04T09:27:19.249+10:00,1791070039249,2026-10-04T09:27:19.249+10:00,2.5,6.85,7.07,61.80334644482611,4488,front,DJI_0567.MP4,01:52.249,C:\Users\gildo\temp\vt 4.03\logs\cam3_full_2026-10-04_091937_120_b916420d.jsonl,1,-11.9,312,,,,-,-
2026-10-04T09:28:24.729+10:00,2026-10-04T09:28:26.683+10:00,1791070106683,2026-10-04T09:28:26.683+10:00,2.0,7.07,7.18,29.263260894129772,5143,front,DJI_0567.MP4,02:59.683,C:\Users\gildo\temp\vt 4.03\logs\cam3_full_2026-10-04_091937_120_b916420d.jsonl,1,-25.0,311,,,,-,-
2026-10-04T09:28:36.242+10:00,2026-10-04T09:28:38.208+10:00,1791070118208,2026-10-04T09:28:38.208+10:00,2.0,7.07,7.07,26.71805577582422,5255,front,DJI_0567.MP4,03:11.208,C:\Users\gildo\temp\vt 4.03\logs\cam3_full_2026-10-04_091937_120_b916420d.jsonl,1,-25.0,522,,,,-,-
2026-10-04T09:30:18.211+10:00,2026-10-04T09:30:20.170+10:00,1791070220170,2026-10-04T09:30:20.690+10:00,2.5,4.64,7.29,24.315032483485414,6247,front,DJI_0567.MP4,04:53.170,C:\Users\gildo\temp\vt 4.03\logs\cam3_full_2026-10-04_091937_120_b916420d.jsonl,1,-25.0,210,2026-10-04T09:30:12.258+10:00,17.97885379788216,-7.912,DJI_0567.MP4,04:45.258
2026-10-04T09:30:29.739+10:00,2026-10-04T09:30:31.680+10:00,1791070231680,2026-10-04T09:30:33.740+10:00,4.0,7.07,21.65,14.64593396824436,6359,front,DJI_0567.MP4,05:04.680,C:\Users\gildo\temp\vt 4.03\logs\cam3_full_2026-10-04_091937_120_b916420d.jsonl,1,-25.0,409,2026-10-04T09:30:31.168+10:00,17.40592843867689,-0.512,DJI_0567.MP4,05:04.168
2026-10-04T09:30:37.753+10:00,2026-10-04T09:30:40.224+10:00,1791070240224,2026-10-04T09:30:40.224+10:00,2.5,5.3,6.85,17.833649624999513,6442,front,DJI_0567.MP4,05:13.224,C:\Users\gildo\temp\vt 4.03\logs\cam3_full_2026-10-04_091937_120_b916420d.jsonl,1,-35.0,211,2026-10-04T09:30:31.168+10:00,17.40592843867689,-9.056,DJI_0567.MP4,05:04.168
2026-10-04T09:32:23.696+10:00,2026-10-04T09:32:25.749+10:00,1791070345749,2026-10-04T09:32:27.191+10:00,3.5,7.07,14.36,25.314963301490202,7468,front,DJI_0568.MP4,01:35.749,C:\Users\gildo\temp\vt 4.03\logs\cam3_full_2026-10-04_091937_120_b916420d.jsonl,1,-24.900000000000002,311,,,,-,-
2026-10-04T09:34:02.708+10:00,2026-10-04T09:34:04.767+10:00,1791070444767,2026-10-04T09:34:06.203+10:00,3.5,7.07,14.36,23.98927503148512,8431,front,DJI_0568.MP4,03:14.767,C:\Users\gildo\temp\vt 4.03\logs\cam3_full_2026-10-04_091937_120_b916420d.jsonl,1,-25.0,106,2026-10-04T09:34:07.232+10:00,17.283416388987757,2.465,DJI_0568.MP4,03:17.232
2026-10-04T09:36:29.703+10:00,2026-10-04T09:36:31.770+10:00,1791070591770,2026-10-04T09:36:32.700+10:00,3.0,7.07,14.14,95.84158008690538,9862,front,DJI_0569.MP4,00:17.770,C:\Users\gildo\temp\vt 4.03\logs\cam3_full_2026-10-04_091937_120_b916420d.jsonl,1,-12.0,211,,,,-,-
2026-10-04T09:37:48.224+10:00,2026-10-04T09:37:50.274+10:00,1791070670274,2026-10-04T09:37:51.710+10:00,3.5,7.07,14.36,25.40808221501966,10626,front,DJI_0569.MP4,01:36.274,C:\Users\gildo\temp\vt 4.03\logs\cam3_full_2026-10-04_091937_120_b916420d.jsonl,1,-25.0,106,,,,-,-
2026-10-04T09:38:23.272+10:00,2026-10-04T09:38:25.230+10:00,1791070705230,2026-10-04T09:38:27.694+10:00,4.5,6.85,21.43,23.024434966739054,10966,front,DJI_0569.MP4,02:11.230,C:\Users\gildo\temp\vt 4.03\logs\cam3_full_2026-10-04_091937_120_b916420d.jsonl,1,-25.0,105,,,,-,-
2026-10-04T09:38:31.278+10:00,2026-10-04T09:38:33.222+10:00,1791070713222,2026-10-04T09:38:33.735+10:00,2.5,13.7,18.48,4.450417883627777,11044,front,DJI_0569.MP4,02:19.222,C:\Users\gildo\temp\vt 4.03\logs\cam3_full_2026-10-04_091937_120_b916420d.jsonl,1,-48.800000000000004,410,,,,-,-
2026-10-04T09:41:27.751+10:00,2026-10-04T09:41:29.708+10:00,1791070889708,2026-10-04T09:41:29.708+10:00,2.0,6.85,7.07,29.030944111838643,12762,front,DJI_0569.MP4,05:15.708,C:\Users\gildo\temp\vt 4.03\logs\cam3_full_2026-10-04_091937_120_b916420d.jsonl,1,-24.900000000000002,209,,,,-,-
2026-10-04T09:42:42.727+10:00,2026-10-04T09:42:44.677+10:00,1791070964677,2026-10-04T09:42:44.677+10:00,2.0,7.07,10.6,24.009264716285358,13492,front,DJI_0570.MP4,01:07.677,C:\Users\gildo\temp\vt 4.03\logs\cam3_full_2026-10-04_091937_120_b916420d.jsonl,1,-24.900000000000002,209,2026-10-04T09:43:04.277+10:00,17.2225037814637,19.6,DJI_0570.MP4,01:27.277
2026-10-04T09:42:52.267+10:00,2026-10-04T09:42:54.218+10:00,1791070974218,2026-10-04T09:42:54.218+10:00,2.0,6.85,7.18,18.206236161952678,13585,front,DJI_0570.MP4,01:17.218,C:\Users\gildo\temp\vt 4.03\logs\cam3_full_2026-10-04_091937_120_b916420d.jsonl,1,-26.700000000000003,4,2026-10-04T09:43:04.277+10:00,17.2225037814637,10.059,DJI_0570.MP4,01:27.277
2026-10-04T09:43:02.222+10:00,2026-10-04T09:43:04.278+10:00,1791070984278,2026-10-04T09:43:04.278+10:00,2.0,7.07,7.07,17.2225037814637,13683,front,DJI_0570.MP4,01:27.278,C:\Users\gildo\temp\vt 4.03\logs\cam3_full_2026-10-04_091937_120_b916420d.jsonl,1,-35.0,311,2026-10-04T09:43:04.277+10:00,17.2225037814637,-0.001,DJI_0570.MP4,01:27.277
2026-10-04T09:43:16.179+10:00,2026-10-04T09:43:18.241+10:00,1791070998241,2026-10-04T09:43:18.752+10:00,2.5,7.07,14.14,16.110809157220338,13819,front,DJI_0570.MP4,01:41.241,C:\Users\gildo\temp\vt 4.03\logs\cam3_full_2026-10-04_091937_120_b916420d.jsonl,1,-27.200000000000003,412,2026-10-04T09:43:04.277+10:00,17.2225037814637,-13.964,DJI_0570.MP4,01:27.277
2026-10-04T09:45:55.741+10:00,2026-10-04T09:45:57.679+10:00,1791071157679,2026-10-04T09:45:57.679+10:00,2.0,7.14,7.29,20.063597490904485,15371,front,DJI_0570.MP4,04:20.679,C:\Users\gildo\temp\vt 4.03\logs\cam3_full_2026-10-04_091937_120_b916420d.jsonl,1,-25.0,104,,,,-,-
2026-10-04T09:47:44.251+10:00,2026-10-04T09:47:46.202+10:00,1791071266202,2026-10-04T09:47:46.202+10:00,2.0,7.07,7.07,27.887101316594325,16428,front,DJI_0571.MP4,00:46.202,C:\Users\gildo\temp\vt 4.03\logs\cam3_full_2026-10-04_091937_120_b916420d.jsonl,1,-25.0,309,,,,-,-
2026-10-04T09:48:06.213+10:00,2026-10-04T09:48:08.259+10:00,1791071288259,2026-10-04T09:48:10.216+10:00,4.0,7.07,14.14,25.878271489952855,16643,front,DJI_0571.MP4,01:08.259,C:\Users\gildo\temp\vt 4.03\logs\cam3_full_2026-10-04_091937_120_b916420d.jsonl,1,-24.900000000000002,309,,,,-,-
2026-10-04T09:48:20.685+10:00,2026-10-04T09:48:22.744+10:00,1791071302744,2026-10-04T09:48:23.255+10:00,2.5,14.14,21.21,10.649887996588651,16784,front,DJI_0571.MP4,01:22.744,C:\Users\gildo\temp\vt 4.03\logs\cam3_full_2026-10-04_091937_120_b916420d.jsonl,1,-34.9,411,,,,-,-
2026-10-04T09:49:18.232+10:00,2026-10-04T09:49:20.184+10:00,1791071360184,2026-10-04T09:49:20.184+10:00,2.0,7.14,7.29,27.70137720053936,17343,front,DJI_0571.MP4,02:20.184,C:\Users\gildo\temp\vt 4.03\logs\cam3_full_2026-10-04_091937_120_b916420d.jsonl,1,-19.0,310,,,,-,-
2026-10-04T10:02:10.702+10:00,2026-10-04T10:02:12.757+10:00,1791072132757,2026-10-04T10:02:12.757+10:00,2.0,7.07,7.29,33.690124088147684,2329,sideways,DJI_0574.MP4,03:54.757,C:\Users\gildo\temp\vt 4.03\logs\cam3_full_2026-10-04_095812_811_bcc33e7d.jsonl,1,-24.900000000000002,414,,,,-,-
2026-10-04T10:03:20.706+10:00,2026-10-04T10:03:22.757+10:00,1791072202757,2026-10-04T10:03:22.757+10:00,2.0,7.07,7.07,23.070964967845853,3010,sideways,DJI_0574.MP4,05:04.757,C:\Users\gildo\temp\vt 4.03\logs\cam3_full_2026-10-04_095812_811_bcc33e7d.jsonl,1,-24.900000000000002,5,,,,-,-
2026-10-04T10:03:29.226+10:00,2026-10-04T10:03:31.280+10:00,1791072211280,2026-10-04T10:03:31.280+10:00,2.0,4.64,7.07,22.838133482620623,3093,sideways,DJI_0574.MP4,05:13.280,C:\Users\gildo\temp\vt 4.03\logs\cam3_full_2026-10-04_095812_811_bcc33e7d.jsonl,1,-25.0,309,,,,-,-
2026-10-04T10:04:54.234+10:00,2026-10-04T10:04:56.190+10:00,1791072296190,2026-10-04T10:04:56.699+10:00,2.5,6.85,14.14,120.33682685161666,3918,sideways,DJI_0575.MP4,01:15.190,C:\Users\gildo\temp\vt 4.03\logs\cam3_full_2026-10-04_095812_811_bcc33e7d.jsonl,1,-12.0,312,,,,-,-
2026-10-04T10:06:45.218+10:00,2026-10-04T10:06:47.283+10:00,1791072407283,2026-10-04T10:06:47.283+10:00,2.0,7.07,7.18,30.299078948413836,4998,sideways,DJI_0575.MP4,03:06.283,C:\Users\gildo\temp\vt 4.03\logs\cam3_full_2026-10-04_095812_811_bcc33e7d.jsonl,1,-24.900000000000002,310,,,,-,-
2026-10-04T10:07:06.712+10:00,2026-10-04T10:07:08.770+10:00,1791072428770,2026-10-04T10:07:09.285+10:00,2.5,7.07,14.14,33.469213891208774,5207,sideways,DJI_0575.MP4,03:27.770,C:\Users\gildo\temp\vt 4.03\logs\cam3_full_2026-10-04_095812_811_bcc33e7d.jsonl,1,-24.900000000000002,211,,,,-,-
2026-10-04T10:09:29.746+10:00,2026-10-04T10:09:31.689+10:00,1791072571689,2026-10-04T10:09:32.204+10:00,2.5,7.07,7.07,20.99372111968541,6598,sideways,DJI_0576.MP4,00:26.689,C:\Users\gildo\temp\vt 4.03\logs\cam3_full_2026-10-04_095812_811_bcc33e7d.jsonl,1,-35.0,310,2026-10-04T10:09:23.784+10:00,17.401168370315958,-7.905,DJI_0576.MP4,00:18.784
2026-10-04T10:10:00.762+10:00,2026-10-04T10:10:02.719+10:00,1791072602719,2026-10-04T10:10:03.230+10:00,2.5,7.07,7.29,25.555852933770204,6900,sideways,DJI_0576.MP4,00:57.719,C:\Users\gildo\temp\vt 4.03\logs\cam3_full_2026-10-04_095812_811_bcc33e7d.jsonl,1,-34.9,5,2026-10-04T10:10:08.998+10:00,17.841639631691642,6.279,DJI_0576.MP4,01:03.998
2026-10-04T10:11:05.704+10:00,2026-10-04T10:11:07.751+10:00,1791072667751,2026-10-04T10:11:11.755+10:00,6.0,7.07,28.5,26.668981370923607,7533,sideways,DJI_0576.MP4,02:02.751,C:\Users\gildo\temp\vt 4.03\logs\cam3_full_2026-10-04_095812_811_bcc33e7d.jsonl,1,-28.0,310,,,,-,-
2026-10-04T10:13:55.277+10:00,2026-10-04T10:13:57.233+10:00,1791072837233,2026-10-04T10:13:57.233+10:00,2.0,7.07,14.14,31.127490066295422,9183,sideways,DJI_0576.MP4,04:52.233,C:\Users\gildo\temp\vt 4.03\logs\cam3_full_2026-10-04_095812_811_bcc33e7d.jsonl,1,-24.900000000000002,311,,,,-,-
2026-10-04T10:14:04.712+10:00,2026-10-04T10:14:06.697+10:00,1791072846697,2026-10-04T10:14:07.209+10:00,2.5,7.07,7.07,31.10471082500973,9273,sideways,DJI_0576.MP4,05:01.697,C:\Users\gildo\temp\vt 4.03\logs\cam3_full_2026-10-04_095812_811_bcc33e7d.jsonl,1,-25.0,308,,,,-,-
2026-10-04T10:14:23.729+10:00,2026-10-04T10:14:26.196+10:00,1791072866196,2026-10-04T10:14:26.196+10:00,2.5,7.07,7.12,31.840413581848857,9463,sideways,DJI_0576.MP4,05:21.196,C:\Users\gildo\temp\vt 4.03\logs\cam3_full_2026-10-04_095812_811_bcc33e7d.jsonl,1,-24.900000000000002,310,,,,-,-
2026-10-04T10:14:34.209+10:00,2026-10-04T10:14:36.271+10:00,1791072876271,2026-10-04T10:14:36.271+10:00,2.0,7.07,7.29,31.550423355918745,9561,sideways,DJI_0577.MP4,00:08.271,C:\Users\gildo\temp\vt 4.03\logs\cam3_full_2026-10-04_095812_811_bcc33e7d.jsonl,1,-25.0,110,,,,-,-
2026-10-04T10:15:13.239+10:00,2026-10-04T10:15:15.290+10:00,1791072915290,2026-10-04T10:15:15.290+10:00,2.0,7.07,7.07,33.555188608670576,9941,sideways,DJI_0577.MP4,00:47.290,C:\Users\gildo\temp\vt 4.03\logs\cam3_full_2026-10-04_095812_811_bcc33e7d.jsonl,1,-24.900000000000002,108,,,,-,-
2026-10-04T10:16:00.278+10:00,2026-10-04T10:16:02.224+10:00,1791072962224,2026-10-04T10:16:04.791+10:00,4.5,5.7,12.65,48.50906564782742,10398,sideways,DJI_0577.MP4,01:34.224,C:\Users\gildo\temp\vt 4.03\logs\cam3_full_2026-10-04_095812_811_bcc33e7d.jsonl,1,-20.400000000000002,311,,,,-,-
