file,start,timerExpiry,observedTimerSeconds,triggerSpeedKmh,configuredRideSeconds,retreatPeriodsOverlapping,retreatOverlapSeconds,gpsGapsOver3sOverlapping,longestOverlappingPacketGapSeconds,startRecord,expiryRecord
cam3_full_2026-10-03_085135_954_5ec0e1d7.jsonl,08:57:27.453,08:57:47.488,20.036,21.37,20.0,2,3.697,0,0,20075,21254
cam3_full_2026-10-03_085135_954_5ec0e1d7.jsonl,09:03:46.939,09:04:06.960,20.022,19.41,20.0,2,5.655,0,0,42384,43577
cam3_full_2026-10-03_085135_954_5ec0e1d7.jsonl,09:04:35.485,09:04:55.494,20.008,21.59,20.0,1,3.082,0,0,45267,46436
cam3_full_2026-10-03_085135_954_5ec0e1d7.jsonl,09:06:29.002,09:06:49.015,20.013,29.48,20.0,3,7.386,0,0,51922,53121
cam3_full_2026-10-03_085135_954_5ec0e1d7.jsonl,09:09:06.981,09:09:26.997,20.016,21.37,20.0,1,3.083,0,0,61239,62417
cam3_full_2026-10-03_085135_954_5ec0e1d7.jsonl,09:10:29.932,09:10:50.032,20.1,19.41,20.0,0,0,0,0,66110,67295
cam3_full_2026-10-03_085135_954_5ec0e1d7.jsonl,09:12:42.931,09:13:03.030,20.099,18.13,20.0,1,3.08,0,0,73962,75161
cam3_full_2026-10-03_085135_954_5ec0e1d7.jsonl,09:14:12.954,09:14:33.046,20.092,18.55,20.0,2,4.71,0,0,79294,80487
cam3_full_2026-10-03_092718_407_9e91c5b5.jsonl,09:32:48.513,09:33:08.527,20.014,24.38,20.0,1,0.966,1,3.003,18806,19947
cam3_full_2026-10-03_092718_407_9e91c5b5.jsonl,09:36:52.978,09:37:13.057,20.08,19.41,20.0,0,0,0,0,32664,33812
cam3_full_2026-10-03_094458_725_8c2c3251.jsonl,09:50:10.979,09:50:31.024,20.045,18.13,20.0,4,7.2,0,0,17635,18832
cam3_full_2026-10-03_094458_725_8c2c3251.jsonl,09:54:57.496,09:55:17.596,20.1,21.37,20.0,6,11.272,1,4.005,34486,35681
cam3_full_2026-10-03_094458_725_8c2c3251.jsonl,09:57:13.530,09:57:33.624,20.094,21.37,20.0,3,5.636,3,4.01,42475,43661
cam3_full_2026-10-03_094458_725_8c2c3251.jsonl,09:59:01.997,09:59:22.001,20.003,21.37,20.0,0,0,0,0,48807,49970
cam3_full_2026-10-03_094458_725_8c2c3251.jsonl,10:06:22.488,10:06:42.530,20.042,29.17,20.0,2,3.155,0,0,74590,75752
cam3_full_2026-10-03_094458_725_8c2c3251.jsonl,10:07:27.964,10:07:48.043,20.078,29.17,20.0,0,0,0,0,78353,79508
cam3_full_2026-10-03_094458_725_8c2c3251.jsonl,10:16:02.019,10:16:22.059,20.04,21.59,20.0,5,10.287,0,0,107916,109089
