file,start,end,event,period,durationSeconds,gpsFresh,gpsAgeMs,staleStarts,limit,startSeparationM,endSeparationM,netDroneDisplacementM,endReason,desiredSpeedMps,submittedValues,observedSpeed,staleCycles
cam3_full_2026-10-03_084631_323_e332f36b.jsonl,08:48:39.950,08:48:43.020,retreat_started,1,3.07,True,53,0,1,21.32,22.48,5.29,still_close,5.0,{'-5.0': 29},"{'min': 0.81, 'median': 2.1, 'p90': 4.94, 'max': 4.94}",0
cam3_full_2026-10-03_084631_323_e332f36b.jsonl,08:48:43.020,08:48:46.082,retreat_repeated,2,3.062,True,124,0,1,22.48,34.25,16.81,distance_sufficient,5.0,{'-5.0': 29},"{'min': 4.94, 'median': 5.0, 'p90': 5.02, 'max': 5.02}",0
cam3_full_2026-10-03_084631_323_e332f36b.jsonl,08:48:55.491,08:48:58.557,retreat_started,1,3.067,True,75,0,1,22.9,28.72,9.1,distance_sufficient,5.0,{'-5.0': 29},"{'min': 0.4, 'median': 3.88, 'p90': 4.98, 'max': 5.08}",0
cam3_full_2026-10-03_084631_323_e332f36b.jsonl,08:49:10.449,08:49:13.552,retreat_started,1,3.102,True,29,0,1,22.69,27.59,10.61,distance_sufficient,5.0,{'-5.0': 30},"{'min': 0.32, 'median': 3.34, 'p90': 5.02, 'max': 5.02}",0
cam3_full_2026-10-03_084631_323_e332f36b.jsonl,08:49:19.431,08:49:22.520,retreat_started,1,3.089,True,32,0,1,22.93,30.28,10.12,distance_sufficient,5.0,{'-5.0': 30},"{'min': 0.0, 'median': 4.18, 'p90': 4.9, 'max': 4.9}",0
cam3_full_2026-10-03_084631_323_e332f36b.jsonl,08:49:35.509,08:49:38.593,retreat_started,1,3.085,True,90,0,1,22.75,29.64,9.98,distance_sufficient,5.0,{'-5.0': 30},"{'min': 0.0, 'median': 4.12, 'p90': 4.97, 'max': 5.06}",0
cam3_full_2026-10-03_085135_954_5ec0e1d7.jsonl,08:52:31.723,08:52:34.734,retreat_started,1,3.012,True,323,0,1,21.28,17.89,1.52,still_close,5.0,{'-5.0': 28},"{'min': 0.54, 'median': 3.6, 'p90': 4.0, 'max': 4.5}",0
cam3_full_2026-10-03_085135_954_5ec0e1d7.jsonl,08:52:34.734,08:52:37.809,retreat_repeated,2,3.074,True,336,0,1,17.89,29.65,16.64,distance_sufficient,5.0,{'-5.0': 29},"{'min': 4.5, 'median': 4.91, 'p90': 5.02, 'max': 5.02}",0
cam3_full_2026-10-03_085135_954_5ec0e1d7.jsonl,08:52:52.951,08:52:55.991,retreat_started,1,3.039,True,53,0,1,22.35,28.05,7.85,distance_sufficient,5.0,{'-5.0': 29},"{'min': 0.0, 'median': 2.56, 'p90': 4.78, 'max': 4.78}",0
cam3_full_2026-10-03_085135_954_5ec0e1d7.jsonl,08:55:18.899,08:55:21.998,retreat_started,1,3.099,True,2,0,1,22.98,31.2,8.76,distance_sufficient,5.0,{'-5.0': 30},"{'min': 0.0, 'median': 3.13, 'p90': 4.88, 'max': 4.96}",0
cam3_full_2026-10-03_085135_954_5ec0e1d7.jsonl,08:56:12.408,08:56:15.489,retreat_started,1,3.081,True,7,0,1,22.92,32.57,9.65,distance_sufficient,5.0,{'-5.0': 30},"{'min': 0.0, 'median': 3.7, 'p90': 5.0, 'max': 5.0}",0
cam3_full_2026-10-03_085135_954_5ec0e1d7.jsonl,08:57:24.989,08:57:28.068,retreat_started,1,3.079,True,88,0,1,22.3,26.44,11.35,distance_sufficient,5.0,{'-5.0': 30},"{'min': 0.0, 'median': 4.21, 'p90': 5.24, 'max': 5.24}",0
cam3_full_2026-10-03_085135_954_5ec0e1d7.jsonl,08:57:30.526,08:57:33.608,retreat_started,1,3.081,True,100,0,1,22.55,28.53,9.46,distance_sufficient,5.0,{'-5.0': 30},"{'min': 0.1, 'median': 4.4, 'p90': 5.15, 'max': 5.2}",0
cam3_full_2026-10-03_085135_954_5ec0e1d7.jsonl,08:59:18.511,08:59:21.598,retreat_started,1,3.086,True,612,0,1,22.96,35.01,11.24,distance_sufficient,5.0,{'-5.0': 30},"{'min': 0.22, 'median': 3.42, 'p90': 5.16, 'max': 5.16}",0
cam3_full_2026-10-03_085135_954_5ec0e1d7.jsonl,08:59:37.002,08:59:40.093,retreat_started,1,3.09,True,103,0,1,22.98,31.59,8.63,distance_sufficient,5.0,{'-5.0': 30},"{'min': 0.22, 'median': 2.92, 'p90': 5.22, 'max': 5.22}",0
cam3_full_2026-10-03_085135_954_5ec0e1d7.jsonl,09:00:24.483,09:00:27.567,retreat_started,1,3.083,True,81,0,1,22.42,32.12,10.52,distance_sufficient,5.0,{'-5.0': 30},"{'min': 0.0, 'median': 4.46, 'p90': 5.16, 'max': 5.16}",0
cam3_full_2026-10-03_085135_954_5ec0e1d7.jsonl,09:02:19.962,09:02:23.043,retreat_started,1,3.081,True,60,0,1,22.99,32.3,10.24,distance_sufficient,5.0,{'-5.0': 30},"{'min': 0.0, 'median': 4.78, 'p90': 5.16, 'max': 5.16}",0
cam3_full_2026-10-03_085135_954_5ec0e1d7.jsonl,09:03:46.423,09:03:49.498,retreat_started,1,3.075,True,18,0,1,22.25,18.52,9.78,still_close,5.0,{'-5.0': 30},"{'min': 0.0, 'median': 3.92, 'p90': 5.06, 'max': 5.2}",0
cam3_full_2026-10-03_085135_954_5ec0e1d7.jsonl,09:03:49.498,09:03:52.594,retreat_repeated,2,3.096,True,92,0,1,18.52,34.57,15.61,distance_sufficient,5.0,{'-5.0': 30},"{'min': 5.1, 'median': 5.17, 'p90': 5.19, 'max': 5.2}",0
cam3_full_2026-10-03_085135_954_5ec0e1d7.jsonl,09:04:35.484,09:04:38.567,retreat_started,1,3.082,True,54,0,1,21.53,24.37,10.09,distance_sufficient,5.0,{'-5.0': 30},"{'min': 0.42, 'median': 4.36, 'p90': 5.28, 'max': 5.29}",0
cam3_full_2026-10-03_085135_954_5ec0e1d7.jsonl,09:06:07.968,09:06:11.044,retreat_started,1,3.076,True,62,0,1,22.21,33.98,10.34,distance_sufficient,5.0,{'-5.0': 30},"{'min': 0.0, 'median': 4.31, 'p90': 5.16, 'max': 5.16}",0
cam3_full_2026-10-03_085135_954_5ec0e1d7.jsonl,09:06:27.155,09:06:30.229,retreat_started,1,3.075,False,3748,1,1,22.89,13.24,10.96,still_close,5.0,{'-5.0': 30},"{'min': 0.28, 'median': 4.03, 'p90': 5.12, 'max': 5.12}",8
cam3_full_2026-10-03_085135_954_5ec0e1d7.jsonl,09:06:30.229,09:06:33.304,retreat_repeated,2,3.074,True,317,0,1,13.24,22.62,15.97,still_close,5.0,{'-5.0': 30},"{'min': 5.0, 'median': 5.09, 'p90': 5.1, 'max': 5.12}",0
cam3_full_2026-10-03_085135_954_5ec0e1d7.jsonl,09:06:33.304,09:06:36.388,retreat_repeated,3,3.084,True,397,0,1,22.62,40.41,14.93,distance_sufficient,5.0,{'-5.0': 30},"{'min': 4.92, 'median': 4.95, 'p90': 5.02, 'max': 5.02}",0
cam3_full_2026-10-03_085135_954_5ec0e1d7.jsonl,09:08:03.987,09:08:07.066,retreat_started,1,3.08,True,81,0,1,22.75,32.34,9.26,distance_sufficient,5.0,{'-5.0': 30},"{'min': 0.0, 'median': 4.25, 'p90': 5.2, 'max': 5.2}",0
cam3_full_2026-10-03_085135_954_5ec0e1d7.jsonl,09:09:21.957,09:09:25.040,retreat_started,1,3.082,True,49,0,1,22.38,28.44,8.5,distance_sufficient,5.0,{'-5.0': 30},"{'min': 0.0, 'median': 3.67, 'p90': 4.92, 'max': 5.05}",0
cam3_full_2026-10-03_085135_954_5ec0e1d7.jsonl,09:11:51.445,09:11:54.529,retreat_started,1,3.084,True,36,0,1,22.46,33.46,10.85,distance_sufficient,5.0,{'-5.0': 30},"{'min': 0.0, 'median': 4.63, 'p90': 5.2, 'max': 5.2}",0
cam3_full_2026-10-03_085135_954_5ec0e1d7.jsonl,09:12:42.930,09:12:46.011,retreat_started,1,3.081,True,21,0,1,21.52,27.93,9.75,distance_sufficient,5.0,{'-5.0': 30},"{'min': 0.0, 'median': 4.6, 'p90': 5.34, 'max': 5.34}",0
cam3_full_2026-10-03_085135_954_5ec0e1d7.jsonl,09:13:40.969,09:13:44.047,retreat_started,1,3.077,True,59,0,1,22.95,35.63,11.4,distance_sufficient,5.0,{'-5.0': 30},"{'min': 0.0, 'median': 4.25, 'p90': 5.22, 'max': 5.22}",0
cam3_full_2026-10-03_085135_954_5ec0e1d7.jsonl,09:14:11.509,09:14:14.592,retreat_started,1,3.083,True,99,0,1,22.31,17.49,10.71,still_close,5.0,{'-5.0': 30},"{'min': 0.0, 'median': 4.56, 'p90': 5.22, 'max': 5.22}",0
cam3_full_2026-10-03_085135_954_5ec0e1d7.jsonl,09:14:14.592,09:14:17.664,retreat_repeated,2,3.073,True,182,0,1,17.49,23.32,15.84,distance_sufficient,5.0,{'-5.0': 30},"{'min': 5.09, 'median': 5.2, 'p90': 5.2, 'max': 5.2}",0
cam3_full_2026-10-03_092718_407_9e91c5b5.jsonl,09:27:54.960,09:27:56.996,retreat_started,1,2.036,True,46,0,1,17.22,20.03,2.99,distance_sufficient,4.0,{'-4.0': 19},"{'min': 0.9, 'median': 1.41, 'p90': 3.55, 'max': 3.81}",0
cam3_full_2026-10-03_092718_407_9e91c5b5.jsonl,09:28:03.498,09:28:05.543,retreat_started,1,2.044,True,81,0,1,16.9,19.34,4.68,distance_sufficient,4.0,{'-4.0': 19},"{'min': 0.0, 'median': 2.58, 'p90': 3.74, 'max': 4.0}",0
cam3_full_2026-10-03_092718_407_9e91c5b5.jsonl,09:28:09.989,09:28:11.995,retreat_started,1,2.005,True,73,0,1,17.52,20.87,4.39,distance_sufficient,4.0,{'-4.0': 19},"{'min': 0.0, 'median': 1.36, 'p90': 3.72, 'max': 4.08}",0
cam3_full_2026-10-03_092718_407_9e91c5b5.jsonl,09:30:30.940,09:30:33.049,retreat_started,1,2.108,True,22,0,1,16.18,14.9,2.63,still_close,4.0,{'-4.0': 20},"{'min': 0.2, 'median': 0.32, 'p90': 3.91, 'max': 3.91}",0
cam3_full_2026-10-03_092718_407_9e91c5b5.jsonl,09:30:33.049,09:30:35.056,retreat_repeated,2,2.007,True,1131,0,1,14.9,9.42,8.94,still_close,4.0,{'-4.0': 19},"{'min': 3.91, 'median': 3.98, 'p90': 4.06, 'max': 4.06}",0
cam3_full_2026-10-03_092718_407_9e91c5b5.jsonl,09:30:35.056,09:30:37.061,retreat_repeated,3,2.006,True,138,0,1,9.42,14.33,8.05,still_close,4.0,{'-4.0': 19},"{'min': 3.95, 'median': 3.98, 'p90': 3.98, 'max': 3.98}",0
cam3_full_2026-10-03_092718_407_9e91c5b5.jsonl,09:30:37.061,09:30:39.064,retreat_repeated,4,2.002,True,139,0,1,14.33,24.21,8.92,distance_sufficient,4.0,{'-4.0': 19},"{'min': 3.95, 'median': 4.0, 'p90': 4.01, 'max': 4.01}",0
cam3_full_2026-10-03_092718_407_9e91c5b5.jsonl,09:32:34.498,09:32:36.538,retreat_started,1,2.04,True,77,0,1,17.87,19.77,3.92,distance_sufficient,4.0,{'-4.0': 19},"{'min': 0.0, 'median': 1.8, 'p90': 4.02, 'max': 4.02}",0
cam3_full_2026-10-03_092718_407_9e91c5b5.jsonl,09:32:44.976,09:32:47.016,retreat_started,1,2.04,True,57,0,1,17.3,21.77,4.48,distance_sufficient,4.0,{'-4.0': 19},"{'min': 0.0, 'median': 1.4, 'p90': 3.8, 'max': 4.1}",0
cam3_full_2026-10-03_092718_407_9e91c5b5.jsonl,09:32:47.443,09:32:49.479,retreat_started,1,2.036,True,16,0,1,14.98,19.0,6.37,distance_sufficient,4.0,{'-4.0': 19},"{'min': 1.5, 'median': 3.4, 'p90': 4.02, 'max': 4.02}",0
cam3_full_2026-10-03_092718_407_9e91c5b5.jsonl,09:34:25.454,09:34:27.457,retreat_started,1,2.003,True,14,0,1,17.23,21.81,3.94,distance_sufficient,4.0,{'-4.0': 19},"{'min': 0.0, 'median': 0.92, 'p90': 3.98, 'max': 3.98}",0
cam3_full_2026-10-03_092718_407_9e91c5b5.jsonl,09:35:31.497,09:35:33.505,retreat_started,1,2.008,True,79,0,1,16.48,20.47,3.03,distance_sufficient,4.0,{'-4.0': 19},"{'min': 0.0, 'median': 0.7, 'p90': 4.0, 'max': 4.0}",0
cam3_full_2026-10-03_092718_407_9e91c5b5.jsonl,09:37:19.008,09:37:21.105,retreat_started,1,2.097,True,85,0,1,17.5,20.47,2.75,distance_sufficient,4.0,{'-4.0': 20},"{'min': 0.0, 'median': 0.9, 'p90': 3.54, 'max': 3.54}",0
cam3_full_2026-10-03_092718_407_9e91c5b5.jsonl,09:38:01.495,09:38:03.526,retreat_started,1,2.03,True,73,0,1,17.69,23.01,4.4,distance_sufficient,4.0,{'-4.0': 19},"{'min': 0.0, 'median': 2.34, 'p90': 3.55, 'max': 3.83}",0
cam3_full_2026-10-03_094458_725_8c2c3251.jsonl,09:46:28.971,09:46:30.994,retreat_started,1,2.022,True,44,0,1,17.71,19.19,3.83,distance_sufficient,4.0,{'-4.0': 19},"{'min': 0.4, 'median': 2.02, 'p90': 3.69, 'max': 3.69}",0
cam3_full_2026-10-03_094458_725_8c2c3251.jsonl,09:46:33.433,09:46:35.463,retreat_started,1,2.03,True,7,0,1,17.59,18.44,3.59,distance_sufficient,4.0,{'-4.0': 19},"{'min': 0.0, 'median': 1.43, 'p90': 3.61, 'max': 3.83}",0
cam3_full_2026-10-03_094458_725_8c2c3251.jsonl,09:46:38.524,09:46:40.544,retreat_started,1,2.021,True,95,0,1,17.83,20.12,4.85,distance_sufficient,4.0,{'-4.0': 19},"{'min': 0.0, 'median': 0.32, 'p90': 3.72, 'max': 3.72}",0
cam3_full_2026-10-03_094458_725_8c2c3251.jsonl,09:46:44.986,09:46:46.993,retreat_started,1,2.007,True,57,0,1,17.43,19.33,4.8,distance_sufficient,4.0,{'-4.0': 19},"{'min': 0.0, 'median': 2.7, 'p90': 3.78, 'max': 3.78}",0
cam3_full_2026-10-03_094458_725_8c2c3251.jsonl,09:46:58.473,09:47:00.486,retreat_started,1,2.012,True,46,0,1,17.51,18.79,3.7,distance_sufficient,4.0,{'-4.0': 19},"{'min': 0.0, 'median': 1.44, 'p90': 4.08, 'max': 4.08}",0
cam3_full_2026-10-03_094458_725_8c2c3251.jsonl,09:47:06.514,09:47:08.518,retreat_started,1,2.005,True,87,0,1,17.83,21.18,3.74,distance_sufficient,4.0,{'-4.0': 19},"{'min': 0.0, 'median': 1.36, 'p90': 4.15, 'max': 4.15}",0
cam3_full_2026-10-03_094458_725_8c2c3251.jsonl,09:50:09.949,09:50:12.006,retreat_started,1,2.058,True,20,0,1,17.31,12.63,5.08,still_close,4.0,{'-4.0': 20},"{'min': 0.0, 'median': 1.08, 'p90': 4.08, 'max': 4.08}",0
cam3_full_2026-10-03_094458_725_8c2c3251.jsonl,09:50:12.006,09:50:14.060,retreat_repeated,2,2.053,True,76,0,1,12.63,8.49,6.8,still_close,4.0,{'-4.0': 20},"{'min': 4.08, 'median': 4.2, 'p90': 4.24, 'max': 4.24}",0
cam3_full_2026-10-03_094458_725_8c2c3251.jsonl,09:50:14.060,09:50:16.118,retreat_repeated,3,2.058,True,132,0,1,8.49,16.5,11.2,still_close,4.0,{'-4.0': 20},"{'min': 4.12, 'median': 4.19, 'p90': 4.25, 'max': 4.25}",0
cam3_full_2026-10-03_094458_725_8c2c3251.jsonl,09:50:16.118,09:50:18.179,retreat_repeated,4,2.061,True,188,0,1,16.5,22.75,6.8,distance_sufficient,4.0,{'-4.0': 20},"{'min': 4.12, 'median': 4.12, 'p90': 4.19, 'max': 4.19}",0
cam3_full_2026-10-03_094458_725_8c2c3251.jsonl,09:51:24.949,09:51:27.002,retreat_started,1,2.053,True,19,0,1,17.66,22.98,5.34,distance_sufficient,4.0,{'-4.0': 20},"{'min': 0.0, 'median': 1.28, 'p90': 4.11, 'max': 4.11}",0
cam3_full_2026-10-03_094458_725_8c2c3251.jsonl,09:51:55.956,09:51:58.015,retreat_started,1,2.059,True,23,0,1,17.32,19.49,4.23,distance_sufficient,4.0,{'-4.0': 20},"{'min': 0.14, 'median': 2.36, 'p90': 3.92, 'max': 4.1}",0
cam3_full_2026-10-03_094458_725_8c2c3251.jsonl,09:53:04.992,09:53:07.047,retreat_started,1,2.055,True,63,0,1,17.6,18.2,4.31,distance_sufficient,4.0,{'-4.0': 20},"{'min': 0.0, 'median': 0.92, 'p90': 4.28, 'max': 4.28}",0
cam3_full_2026-10-03_094458_725_8c2c3251.jsonl,09:53:44.502,09:53:46.558,retreat_started,1,2.055,True,73,0,1,17.49,18.81,3.74,distance_sufficient,4.0,{'-4.0': 20},"{'min': 0.0, 'median': 1.49, 'p90': 4.17, 'max': 4.17}",0
cam3_full_2026-10-03_094458_725_8c2c3251.jsonl,09:54:27.006,09:54:29.057,retreat_started,1,2.051,True,76,0,1,17.31,22.35,3.68,distance_sufficient,4.0,{'-4.0': 20},"{'min': 0.32, 'median': 1.7, 'p90': 3.53, 'max': 4.09}",0
cam3_full_2026-10-03_094458_725_8c2c3251.jsonl,09:54:56.467,09:54:58.521,retreat_started,1,2.053,True,38,0,1,16.86,10.96,5.49,still_close,4.0,{'-4.0': 20},"{'min': 0.0, 'median': 0.54, 'p90': 3.96, 'max': 3.96}",0
cam3_full_2026-10-03_094458_725_8c2c3251.jsonl,09:54:58.521,09:55:00.570,retreat_repeated,2,2.049,True,89,0,1,10.96,12.9,8.4,still_close,4.0,{'-4.0': 20},"{'min': 4.08, 'median': 4.14, 'p90': 4.18, 'max': 4.18}",0
cam3_full_2026-10-03_094458_725_8c2c3251.jsonl,09:55:00.570,09:55:02.622,retreat_repeated,3,2.052,True,638,0,1,12.9,20.94,8.11,distance_sufficient,4.0,{'-4.0': 20},"{'min': 4.0, 'median': 4.02, 'p90': 4.12, 'max': 4.12}",0
cam3_full_2026-10-03_094458_725_8c2c3251.jsonl,09:55:03.949,09:55:06.001,retreat_started,1,2.052,True,12,0,1,10.34,10.73,4.36,still_close,4.0,{'-4.0': 20},"{'min': 0.1, 'median': 2.11, 'p90': 3.54, 'max': 4.01}",0
cam3_full_2026-10-03_094458_725_8c2c3251.jsonl,09:55:06.001,09:55:08.046,retreat_repeated,2,2.045,True,74,0,1,10.73,17.92,8.17,still_close,4.0,{'-4.0': 20},"{'min': 4.0, 'median': 4.0, 'p90': 4.1, 'max': 4.1}",0
cam3_full_2026-10-03_094458_725_8c2c3251.jsonl,09:55:08.046,09:55:10.095,retreat_repeated,3,2.048,True,1118,0,1,17.92,29.96,8.11,distance_sufficient,4.0,{'-4.0': 20},"{'min': 4.0, 'median': 4.0, 'p90': 4.1, 'max': 4.1}",0
cam3_full_2026-10-03_094458_725_8c2c3251.jsonl,09:57:13.015,09:57:15.071,retreat_started,1,2.056,True,83,0,1,15.85,11.34,5.12,still_close,4.0,{'-4.0': 20},"{'min': 0.0, 'median': 3.02, 'p90': 4.13, 'max': 4.22}",0
cam3_full_2026-10-03_094458_725_8c2c3251.jsonl,09:57:15.071,09:57:17.124,retreat_repeated,2,2.054,True,639,0,1,11.34,19.93,8.58,distance_sufficient,4.0,{'-4.0': 20},"{'min': 4.22, 'median': 4.22, 'p90': 4.22, 'max': 4.22}",0
cam3_full_2026-10-03_094458_725_8c2c3251.jsonl,09:57:18.456,09:57:20.498,retreat_started,1,2.042,True,16,0,1,13.51,18.32,4.69,distance_sufficient,4.0,{'-4.0': 20},"{'min': 0.32, 'median': 2.0, 'p90': 4.19, 'max': 4.19}",0
cam3_full_2026-10-03_094458_725_8c2c3251.jsonl,09:59:39.947,09:59:41.999,retreat_started,1,2.052,True,15,0,1,17.3,17.95,3.12,still_close,4.0,{'-4.0': 20},"{'min': 0.0, 'median': 1.03, 'p90': 3.85, 'max': 3.85}",0
cam3_full_2026-10-03_094458_725_8c2c3251.jsonl,09:59:41.999,09:59:44.046,retreat_repeated,2,2.048,True,69,0,1,17.95,22.93,8.06,distance_sufficient,4.0,{'-4.0': 20},"{'min': 3.85, 'median': 3.98, 'p90': 4.03, 'max': 4.03}",0
cam3_full_2026-10-03_094458_725_8c2c3251.jsonl,10:00:05.560,10:00:07.613,retreat_started,1,2.052,True,103,0,1,17.65,20.42,3.37,distance_sufficient,4.0,{'-4.0': 20},"{'min': 0.0, 'median': 1.14, 'p90': 3.96, 'max': 3.96}",0
cam3_full_2026-10-03_094458_725_8c2c3251.jsonl,10:01:57.503,10:01:59.557,retreat_started,1,2.054,True,70,0,1,17.85,23.24,5.53,distance_sufficient,4.0,{'-4.0': 20},"{'min': 0.0, 'median': 2.63, 'p90': 4.1, 'max': 4.1}",0
cam3_full_2026-10-03_094458_725_8c2c3251.jsonl,10:05:38.764,10:05:40.768,retreat_started,1,2.004,True,328,0,1,17.93,22.2,1.34,distance_sufficient,4.0,{'-4.0': 19},"{'min': 0.4, 'median': 1.7, 'p90': 3.7, 'max': 3.7}",0
cam3_full_2026-10-03_094458_725_8c2c3251.jsonl,10:06:18.488,10:06:20.585,retreat_started,1,2.098,True,52,0,1,16.99,21.46,4.49,distance_sufficient,4.0,{'-4.0': 20},"{'min': 0.0, 'median': 1.5, 'p90': 3.8, 'max': 4.1}",0
cam3_full_2026-10-03_094458_725_8c2c3251.jsonl,10:06:21.534,10:06:23.636,retreat_started,1,2.102,True,99,0,1,12.72,17.14,4.66,still_close,4.0,"{'-4.0': 19, '0.0': 1}","{'min': 0.5, 'median': 2.4, 'p90': 3.91, 'max': 4.0}",0
cam3_full_2026-10-03_094458_725_8c2c3251.jsonl,10:06:23.636,10:06:25.643,retreat_repeated,2,2.007,True,693,0,1,17.14,22.44,8.59,distance_sufficient,4.0,{'-4.0': 19},"{'min': 3.6, 'median': 3.86, 'p90': 4.15, 'max': 4.2}",0
cam3_full_2026-10-03_094458_725_8c2c3251.jsonl,10:07:23.542,10:07:25.637,retreat_started,1,2.096,True,105,0,1,17.16,18.74,4.43,distance_sufficient,4.0,{'-4.0': 20},"{'min': 0.0, 'median': 2.45, 'p90': 3.96, 'max': 4.08}",0
cam3_full_2026-10-03_094458_725_8c2c3251.jsonl,10:09:00.507,10:09:02.518,retreat_started,1,2.012,True,51,0,1,17.92,22.41,3.51,distance_sufficient,4.0,{'-4.0': 19},"{'min': 0.0, 'median': 0.4, 'p90': 4.0, 'max': 4.0}",0
cam3_full_2026-10-03_094458_725_8c2c3251.jsonl,10:10:01.947,10:10:04.044,retreat_started,1,2.098,True,10,0,1,6.39,10.18,5.71,still_close,4.0,{'-4.0': 20},"{'min': 0.0, 'median': 2.0, 'p90': 4.01, 'max': 4.01}",0
cam3_full_2026-10-03_094458_725_8c2c3251.jsonl,10:10:04.044,10:10:06.049,retreat_repeated,2,2.004,True,2107,0,1,10.18,16.43,6.43,still_close,4.0,{'-4.0': 19},"{'min': 3.9, 'median': 3.96, 'p90': 4.06, 'max': 4.06}",10
cam3_full_2026-10-03_094458_725_8c2c3251.jsonl,10:10:06.049,10:10:08.048,retreat_repeated,3,1.999,False,4112,1,1,16.43,34.84,7.87,distance_sufficient,4.0,{'-4.0': 19},"{'min': 3.89, 'median': 3.89, 'p90': 3.94, 'max': 3.94}",19
cam3_full_2026-10-03_094458_725_8c2c3251.jsonl,10:12:34.023,10:12:36.031,retreat_started,1,2.008,True,85,0,1,17.53,20.14,4.05,distance_sufficient,4.0,{'-4.0': 19},"{'min': 0.0, 'median': 0.78, 'p90': 4.24, 'max': 4.24}",0
cam3_full_2026-10-03_094458_725_8c2c3251.jsonl,10:13:52.873,10:13:54.874,retreat_started,1,2.001,True,437,0,1,17.6,19.47,1.88,distance_sufficient,4.0,{'-4.0': 19},"{'min': 0.2, 'median': 0.91, 'p90': 3.82, 'max': 3.82}",0
cam3_full_2026-10-03_094458_725_8c2c3251.jsonl,10:14:48.990,10:14:50.996,retreat_started,1,2.007,True,50,0,1,17.63,20.89,3.25,distance_sufficient,4.0,{'-4.0': 19},"{'min': 0.0, 'median': 1.0, 'p90': 4.0, 'max': 4.0}",0
cam3_full_2026-10-03_094458_725_8c2c3251.jsonl,10:15:45.474,10:15:47.495,retreat_started,1,2.021,True,9,0,1,17.11,20.02,3.74,distance_sufficient,4.0,{'-4.0': 19},"{'min': 0.0, 'median': 1.53, 'p90': 4.12, 'max': 4.12}",0
cam3_full_2026-10-03_094458_725_8c2c3251.jsonl,10:16:02.017,10:16:04.019,retreat_started,1,2.001,True,78,0,1,14.4,15.99,4.58,still_close,4.0,{'-4.0': 19},"{'min': 0.0, 'median': 2.65, 'p90': 4.0, 'max': 4.0}",0
cam3_full_2026-10-03_094458_725_8c2c3251.jsonl,10:16:04.019,10:16:06.110,retreat_repeated,2,2.092,True,1576,0,1,15.99,11.14,8.96,still_close,4.0,{'-4.0': 20},"{'min': 4.01, 'median': 4.01, 'p90': 4.1, 'max': 4.1}",0
cam3_full_2026-10-03_094458_725_8c2c3251.jsonl,10:16:06.110,10:16:08.211,retreat_repeated,3,2.1,True,169,0,1,11.14,12.53,6.29,still_close,4.0,{'-4.0': 20},"{'min': 3.85, 'median': 3.95, 'p90': 4.02, 'max': 4.02}",0
cam3_full_2026-10-03_094458_725_8c2c3251.jsonl,10:16:08.211,10:16:10.216,retreat_repeated,4,2.005,True,269,0,1,12.53,16.88,7.46,still_close,4.0,{'-4.0': 19},"{'min': 3.68, 'median': 3.69, 'p90': 3.77, 'max': 3.85}",0
cam3_full_2026-10-03_094458_725_8c2c3251.jsonl,10:16:10.216,10:16:12.306,retreat_repeated,5,2.091,True,276,0,1,16.88,24.85,7.9,distance_sufficient,4.0,{'-4.0': 20},"{'min': 3.55, 'median': 3.62, 'p90': 3.67, 'max': 3.69}",0
