file,time,journeyId,replan,kind,direction,waypoints,min_clearance_m,min_boundary_m,max_excursion_m,attempt_ms
cam3_full_2026-10-07_080514_499_042b2a4f.jsonl,2026-10-07T08:05:20.974+10:00,1,False,direct,none,1,29.999999999973074,-0.0,25.568920770365878,0
cam3_full_2026-10-07_080514_499_042b2a4f.jsonl,2026-10-07T08:05:44.712+10:00,2,False,direct,none,1,23.69533021001367,23.306687817455728,28.781796789417523,0
cam3_full_2026-10-07_080514_499_042b2a4f.jsonl,2026-10-07T08:06:02.830+10:00,3,False,around,clockwise,3,22.100000000128354,16.137546457898896,45.83663660670287,0
cam3_full_2026-10-07_080514_499_042b2a4f.jsonl,2026-10-07T08:06:38.980+10:00,4,False,direct,none,1,22.225571950355082,23.709300835024095,54.1929041442281,0
cam3_full_2026-10-07_080514_499_042b2a4f.jsonl,2026-10-07T08:07:19.691+10:00,5,False,direct,none,1,25.910790496083735,14.839262842212879,63.685737609838945,0
cam3_full_2026-10-07_080514_499_042b2a4f.jsonl,2026-10-07T08:07:43.717+10:00,6,False,direct,none,1,30.881668999302548,17.61425979874149,62.99188136912474,0
cam3_full_2026-10-07_080514_499_042b2a4f.jsonl,2026-10-07T08:07:48.151+10:00,7,False,direct,none,1,30.00000000220432,17.99440398164277,61.20337631910363,0
cam3_full_2026-10-07_080514_499_042b2a4f.jsonl,2026-10-07T08:07:57.857+10:00,8,False,direct,none,1,30.000000003039336,17.32158474949352,54.84405120283469,0
cam3_full_2026-10-07_080514_499_042b2a4f.jsonl,2026-10-07T08:08:09.203+10:00,9,False,direct,none,1,30.000000002622286,16.714014126821496,44.18438226004371,0
cam3_full_2026-10-07_080514_499_042b2a4f.jsonl,2026-10-07T08:08:24.678+10:00,10,False,direct,none,1,30.000000004435563,19.86612641750152,33.124793089050094,0
cam3_full_2026-10-07_080514_499_042b2a4f.jsonl,2026-10-07T08:08:52.208+10:00,11,False,direct,none,1,24.230954281761587,22.387767501154226,25.11290469150174,0
cam3_full_2026-10-07_080514_499_042b2a4f.jsonl,2026-10-07T08:09:12.204+10:00,12,False,around,clockwise,3,21.099145321195284,11.61409296417702,31.795011597145017,0
cam3_full_2026-10-07_080514_499_042b2a4f.jsonl,2026-10-07T08:09:36.877+10:00,13,False,around,clockwise,3,21.44629413936804,16.03321855371954,51.01593676588514,0
cam3_full_2026-10-07_080514_499_042b2a4f.jsonl,2026-10-07T08:10:10.140+10:00,14,False,direct,none,1,22.73873624072229,22.04144345849324,53.0492046437438,0
cam3_full_2026-10-07_080514_499_042b2a4f.jsonl,2026-10-07T08:10:19.119+10:00,15,False,direct,none,1,21.010684371954117,23.21613822605552,61.637978452454725,0
cam3_full_2026-10-07_080514_499_042b2a4f.jsonl,2026-10-07T08:10:34.556+10:00,16,False,direct,none,1,21.235827336365926,27.76203152756431,63.006792889210516,0
cam3_full_2026-10-07_080514_499_042b2a4f.jsonl,2026-10-07T08:10:41.249+10:00,17,False,direct,none,1,21.603209801629596,27.204913111684892,62.1976793718303,0
